,y_fatigue
4120,37.30541260201684
4121,54.45262582269472
4122,37.83148132913043
4123,34.12231811189595
4124,48.82767533384589
4125,44.65122194839722
4126,49.66533126285415
4127,51.90184456262671
4128,51.82787680521704
4129,47.14880618928711
4130,13.380409043858307
4131,21.32553077266716
4132,14.534870658455093
4133,25.15058356812037
4134,26.10291145713509
4135,28.659960766125355
4136,27.111621941311427
4137,34.15022606811208
4138,27.37745847042084
4139,39.22087720098491
4140,35.9368763740032
819,36.82722467539763
820,30.83148160045928
821,52.921586268135854
822,36.99157188604094
823,45.8774416577668
824,46.287176391702594
4141,10.847987232300715
4142,15.748229461453343
4143,17.482094158719846
4144,18.755639486562057
4145,18.916628864645784
4146,27.125663091581774
4147,26.033039275765773
4148,20.838570212197126
4149,27.173442905286407
4150,35.58365046029444
4151,34.03489819819859
4152,35.76717986893659
825,9.108154112589164
826,26.737025857584776
827,13.839141223097778
828,36.17019315374629
829,38.58170469088129
830,32.9407395909098
831,29.656708129924017
832,43.08219872339336
833,43.69925391417405
4153,0.0
4154,22.557652523282155
4155,28.60962393071539
4156,19.87591127317258
4157,25.06498984808588
4158,30.92663284612908
834,14.94723748516677
835,34.04886823583207
836,14.24939885623414
837,29.673674617660527
4159,18.421181997346324
4160,31.735091645375057
838,26.39749819681845
839,32.580314486717484
840,34.11424560100414
841,40.22914661435848
842,50.42092425060939
843,7.613035005626086
844,15.997377139830457
845,10.721957130884944
846,15.602847178704272
847,20.20516463063845
848,29.177114408638367
849,44.92694468082699
850,34.064967455895584
851,44.04844457181925
852,37.64395091871713
4161,29.72433089291316
4162,31.34926648185392
853,16.90938797770182
854,18.952398986893712
855,26.655762519578467
856,25.784246516019195
4163,16.572407752612147
4164,29.846368059984137
4165,31.53845505290113
857,18.72241091152636
858,11.602818402765047
859,17.347648847120524
4166,38.92213739966401
860,17.58538934699047
861,20.714242804822057
862,25.858321738418827
4167,36.94392534701741
4168,45.995581982768094
863,25.74977339551973
864,53.72550001420505
865,33.81958309007162
866,43.36250663530584
867,26.07143067713304
4169,5.428659250338913
4170,29.12203278133341
868,20.787573259359803
4171,20.594377881610864
869,0.0
870,19.692778259759496
871,6.0691747443600175
4172,26.753805149128347
4173,26.560365551990685
4174,14.416269070631555
4175,35.99391923321712
872,20.165503078961493
4176,25.90684070958632
4177,33.19850883724827
4178,38.43583565885268
4179,37.80662034310518
4180,17.399010468037133
4181,21.370983944355604
4182,15.99293343695594
4183,21.31967397816789
4184,22.98012979366599
4185,29.627633858852903
4186,27.98090831618928
873,19.277422082702344
874,18.097283156103497
875,14.578730665234804
876,22.85862523419292
877,30.093109070068444
878,35.79569067837097
879,22.44099714179601
4187,14.308175886263337
4188,25.135365739348973
4189,18.31097508577783
4190,27.170427591576992
4191,33.73845177861276
880,10.098881020754588
881,29.408675675274083
882,25.959803343828703
883,13.806516704848356
884,22.20427421285389
885,22.622408201981266
4192,23.026894537433662
4193,25.07978464827689
4194,34.42843779989178
886,25.4359205589006
4195,27.271085906891766
4196,33.09507455205171
4197,32.083821100998925
4198,32.17440798893151
4199,33.3084959402165
4200,43.12376385400584
4201,41.7121299274082
4202,43.68697879818662
887,4.545120462163274
888,18.99244653516078
889,33.7889157693361
890,24.74191467704576
891,24.690528809255277
892,42.3496090273951
893,46.49562635181071
4203,8.592228261424395
894,29.713680396888645
4204,14.210450224000956
4205,29.147897753165235
4206,24.28130274882248
895,40.89884522406825
896,27.97971250324788
4207,13.906879188434145
897,20.946664169339524
898,28.75476499912645
4208,29.33197323914752
4209,39.56217030266538
899,20.91119174011732
900,22.478574027227147
901,29.72294229356799
902,17.200864571577867
903,27.37993375926528
904,24.13009421564816
905,23.341448873222948
4210,16.60690433996486
4211,21.34889579705156
906,20.295586188272512
907,24.03644030382091
908,23.79979518710727
4212,13.153113837467547
4213,30.3406325026065
4214,20.449046781836344
909,8.202978747875266
910,18.70455540164989
911,27.191494805311507
4215,23.57157805873141
4216,36.97771243541554
4217,31.72094909107084
4218,39.37968400822573
912,32.658129795339704
913,27.50967738965454
914,26.48482009584654
915,20.56046533951413
4219,27.922765104318785
4220,18.42831182885841
4221,30.12075702851575
4222,8.302365507001415
4223,36.959015038560935
4224,25.073778536279512
4225,44.4215933271654
4226,30.44064754706868
4227,42.0290803289911
916,15.816075487984614
917,26.692976907850344
918,11.016052318255554
919,27.26625635952176
920,26.739663759388613
921,14.700225760987552
4228,19.693163212112516
4229,19.33401542538361
4230,15.932063354125397
4231,18.358259297443787
4232,19.219853201791597
4233,32.26781481605393
4234,23.48684756888301
4235,36.11769547536616
4236,23.093685412684287
4237,32.92015434264701
4238,13.159203659813198
922,3.0302772542247824
923,32.58270005819197
4239,20.37991895929872
4240,21.104571387324626
4241,26.527300854107143
4242,21.477361723953894
924,42.4188480669158
925,41.79501685763569
926,35.53995669479433
4243,17.239108708107192
4244,26.59531571389177
4245,30.13376884479088
927,30.17872778070158
928,50.093279457444055
929,49.93479435160701
4246,19.695824947976693
4247,37.93133256484566
930,34.25685742623534
931,30.328967929795823
932,15.549208548785922
4248,14.148266020798047
4249,12.5175936719071
933,21.659039054153897
934,33.06044261838643
935,20.55907514203518
4250,25.10353243567413
4251,36.33083612918824
4252,21.883871890735985
936,28.187714567091827
4253,20.671703850672905
4254,37.6991917219743
4255,10.233065162004484
4256,23.87740604420932
4257,17.037886810506986
4258,36.860767555478695
4259,17.655941400825505
4260,26.37942755615614
4261,39.28231375446008
937,10.413992707417773
4262,23.34578539200709
4263,41.58244886248619
4264,30.41783918227336
938,20.96794089223288
939,30.45164126176777
940,16.87080947991167
941,39.238900167797446
942,33.393582306908314
943,45.13404186868884
4265,14.426592061230323
4266,23.125436562997063
944,13.668275196979888
4267,13.615148285563222
4268,26.349232425541924
945,25.69564742535998
4269,23.461327141698185
4270,28.818797201815563
946,31.289662404786945
947,32.50293345466356
948,24.859290623976392
4271,23.85927923312748
4272,28.097237446870103
949,32.54980106199012
950,44.779339607557
951,35.39258030320169
4273,1.4579237009901274
952,27.93278789520157
953,23.06793527424344
954,25.839071661561157
4274,29.49665921284801
4275,19.63309638433858
955,31.817177861281145
4276,18.283060430397114
4277,28.67751285613508
956,27.41522692048809
4278,22.791349531494376
4279,33.133574671623904
957,31.198682340359728
958,19.76318370153984
959,16.57093357280753
960,19.729667309230408
961,40.87663203300853
962,0.0
963,27.597765175604675
964,28.415605637823937
965,33.63909861947033
966,32.41867994213189
967,25.8941157758334
968,30.99198493970501
969,40.03283994573668
970,15.33736794183908
971,21.165316291824244
972,37.08357304297752
973,40.19794934052271
974,27.948241743038118
975,36.13469917508338
976,38.22767216005475
977,37.11195349368702
4280,41.72049719752098
4281,41.68169759302035
4282,32.36311182753549
4283,37.075546834459175
4284,40.88115945622274
4285,41.19635808855918
4286,50.37340645784672
4287,46.13056875345759
4288,2.66051111695078
4289,19.30496238619341
4290,21.89178581608993
4291,4.683534417686703
4292,23.20554723086497
4293,32.43924892480421
4294,26.655331737725646
4295,25.94627395033797
4296,26.800338222054112
4297,22.837505856018744
4298,38.56223470879444
4299,37.12431701016444
4300,13.566016129143904
4301,29.52730907148874
4302,19.955779572093583
4303,14.787719103994789
4304,20.55243583191873
4305,31.83130698003891
978,25.905278875240136
979,39.92855455650269
980,43.85699182966122
981,41.80871111217422
982,47.689693750403535
983,40.51513983939207
984,51.71426066987389
985,23.30584691754617
986,27.92843197000644
987,22.976067529952807
988,23.77259052256099
989,30.79134838100079
990,34.940999207489874
991,40.62880162764415
992,30.00583473298556
4306,23.75502631799271
4307,20.684538206651453
4308,28.187472342019067
4309,37.56331363959576
4310,26.94700569000319
993,20.55839509020442
994,32.88213386355402
995,35.55028409821416
996,25.498728174430536
997,29.344614544143745
998,35.09626574433086
999,35.32032254324821
1000,33.66965467801208
1001,29.11816193763336
1002,36.21475192494591
1003,15.49463848821285
1004,29.174088823531758
1005,18.92309387142724
1006,28.048708023387093
1007,25.837119298778248
1008,19.027560365173738
1009,32.78002766475065
1010,40.48741144986069
4311,7.042767461779808
4312,23.034724982012943
4313,19.93020695817817
4314,26.418647532059328
4315,40.384530945753
4316,37.96175888859997
4317,44.2583563150736
4318,35.9877495261765
4319,60.020214778125066
1011,10.105944145467804
1012,15.293897373281634
1013,15.458342383966034
1014,32.96397452026987
1015,32.72452375376262
1016,18.40428700121399
1017,34.11491956200758
1018,37.75719416892055
1019,33.69411270477317
1020,39.41143520149825
1021,42.786280938422166
1022,8.589976002352602
1023,32.86024707260971
1024,29.024820118666824
1025,24.551837993026016
1026,34.04144597894799
1027,29.346577812161154
1028,35.21839820517549
1029,41.820699430672704
1030,40.75023511629088
1031,40.12718883270794
1032,46.58689928200373
1033,58.93550066905288
1034,44.4266293921786
1035,30.799099243689632
1036,30.688005977507757
4320,28.05380346922235
4321,49.04177395292892
1037,16.745605870674744
4322,48.0768706277612
4323,37.39501107353
1038,36.46723645376545
4324,37.61282241720219
1039,28.952641881077916
1040,24.56705398433086
4325,38.41120624229071
4326,43.2030513819038
4327,48.11489739536335
4328,58.2814920171689
1041,37.44301423971186
1042,43.640384549874256
4329,50.62820461834498
4330,22.21665202794207
4331,28.741479140474848
4332,22.204778306208453
4333,32.490975857502775
4334,23.915068778488
1043,20.15779000740744
1044,17.68866631837271
1045,17.8927025558772
1046,34.842432422272466
1047,32.361008707906635
4335,11.221904690600578
4336,23.269256619645198
4337,31.04569534400351
4338,22.31300332802084
4339,29.00045259316045
4340,37.45909830236521
4341,32.144325169364706
4342,35.14868910868715
1048,14.21352653486453
1049,17.011877029823697
1050,13.699023218258636
1051,13.661312061170957
1052,18.315814656602317
1053,16.205634999220592
4343,16.128952364235964
4344,18.863631755000757
4345,28.953085250514995
4346,16.213703092982552
4347,19.55459906091608
4348,26.817611146418805
4349,29.709890131116293
1054,17.429502118686575
1055,24.10110755351255
4350,19.85058130803585
4351,29.49289900005212
1056,32.53194350920713
1057,39.82346347476155
1058,22.706467088591168
1059,40.73226421253585
1060,11.109157036369576
1061,23.5527199515316
4352,16.655803409435784
1062,33.41143936900262
1063,28.966762703039137
1064,16.58551151803105
4353,12.792142975909282
1065,26.046954875737637
4354,20.00848358061925
1066,28.093116825167613
1067,42.78816297876102
1068,54.65419505020032
4355,30.581790964240703
4356,34.186571772794146
4357,41.80873510574178
1069,40.98464507419392
1070,43.18349759503654
1071,19.431056652669785
1072,19.545338368422232
1073,24.17520724738359
1074,29.40091959923879
4358,11.183859028064978
4359,27.12762771939865
1075,19.34269906517019
1076,38.44300960195067
4360,22.449608144299955
4361,22.823809414396766
4362,28.034054451382897
4363,28.731521476243447
4364,36.31112003397465
1077,21.77390223785768
1078,14.23252540868577
1079,32.547758807302344
1080,28.55377408978204
1081,31.25987298889035
1082,24.70840618827783
1083,24.003235074081413
1084,33.65513149572884
1085,37.360092730316914
4365,19.917416946021827
4366,16.3852209780648
4367,25.98385069409929
4368,27.032026438759885
4369,23.705847179880124
4370,26.83270667050463
4371,44.888136056288886
4372,44.92311409321528
4373,42.25823477820289
4374,25.16283986564277
4375,43.21503735379629
4376,37.94838936290045
4377,23.20742543674902
4378,27.66673446061516
4379,16.786700965327626
4380,27.758771193974397
4381,23.89445883047044
4382,34.205332974512665
4383,41.95696137989439
1086,5.833737615896657
1087,10.359191256958784
1088,21.627595702930662
1089,27.40271507001077
1090,29.043793854150078
1091,35.249427381979714
1092,30.93916973060285
1093,34.79847636826667
1094,20.42467393755877
1095,15.533419741155232
1096,16.40859168670372
1097,28.385721663640616
4384,4.626668464025611
4385,18.602876293296006
4386,25.134625343737728
1098,27.259245917684023
1099,34.26873811571633
1100,37.77764208644857
1101,41.37248920529658
1102,40.01256962664021
1103,32.18976049916265
1104,35.24952923950594
4387,24.92146876296473
4388,31.66531862691505
4389,29.617998638900435
4390,30.63504822702268
4391,28.78282697874356
4392,32.08173883402833
4393,34.82370746300653
4394,47.05706431197612
4395,37.3859438877499
1105,20.248682758979783
1106,36.31173539455207
1107,26.232149447044524
1108,27.41162378613763
1109,37.07823909585111
1110,39.72531766756127
1111,24.735134683436588
1112,27.357112482097737
1113,26.45107266476301
1114,34.8947698495632
1115,39.13008927780537
4396,1.042775375768516
4397,18.25325356360065
4398,14.87320773923476
4399,27.616280899951
4400,29.59730681277952
4401,27.385974032830024
4402,23.277605176794943
4403,27.201990852928585
4404,13.771434998241702
4405,20.99816745520488
4406,30.89665544100248
4407,26.71316842240353
4408,22.399563271256135
4409,29.11580711035086
4410,40.40661401230324
4411,29.54912827049013
4412,38.14505795240949
4413,22.09385491120304
4414,15.8173130722474
4415,35.97086667131895
4416,20.8691953248638
4417,25.96918599296194
4418,25.574496220929436
1116,38.391572475832525
4419,20.890023829436867
1117,32.06322289724485
1118,46.32140009925933
1119,44.35825120548037
1120,41.82316226021935
1121,49.24831448420281
3097,36.37361746844568
3098,38.76012438809212
3099,36.50606591747404
3100,41.79127301971225
3101,37.07981612717678
1122,10.067513191249905
1123,19.34059657775513
1124,27.32017390608394
3102,44.72863052750209
3103,41.70524473523199
3104,45.45128003582664
1125,28.79821431135336
1126,21.516707795605534
1127,38.36141942920272
3105,22.671204551471057
3106,21.860581857397797
3107,14.427300452848812
3108,26.46386263743732
3109,30.509974973568497
1128,12.635519834000554
1129,20.56383057878773
1130,13.980842589185349
1131,13.807395348695458
1132,19.63924236255509
1133,33.5054443878134
1134,23.11617769832292
1135,38.28636075390551
1136,35.43713589233415
1137,37.74223440045896
1138,51.37335512559359
3110,6.511340189228862
3111,21.538921721504707
3112,30.64767241174829
4420,36.44628866249786
4421,36.30193365435108
3113,15.50824150082075
3114,27.636564035803172
4422,39.26394368661376
4423,41.22155490982237
4424,41.17149708666127
3115,26.50826333731136
3116,29.54602613980426
4425,25.95544408875205
4426,46.5597325432624
4427,34.11081719413866
4428,48.37030912720837
4429,54.44622412640175
1139,15.04740917204507
1140,5.632263649918254
1141,15.710966556314816
1142,18.08603644035172
1143,29.897146321605952
1144,10.211257046148354
4430,18.711603149679583
4431,17.81069884679007
1145,17.747113001822292
1146,24.438002283161048
4432,26.27908459845733
4433,15.371925190686454
4434,14.222525681900786
1147,29.174606010552743
4435,16.48121263165372
4436,25.221502499622268
4437,29.49167360221016
4438,20.117262349361404
4439,13.686524723303355
3117,7.128610733388104
3118,20.92079106699254
3119,18.519631998829357
3120,20.277843235826893
3121,23.76881273417509
3122,19.35965569044896
3123,10.87092624064002
3124,20.417153991266243
3125,35.70420499848322
3126,28.09456197596594
3127,29.47741395516744
3128,25.474221401462707
3129,13.076514745263138
3130,24.53703101308136
3131,18.294151936527506
3132,34.70109492157721
3133,34.6401112736616
3134,37.15847115871762
3135,34.232263453318936
3136,40.95928130416496
3137,14.786436318666931
3138,25.569590283781483
3139,14.451599051734403
3140,12.419867146386236
3141,28.25378982548167
3142,24.01502343642206
3143,25.464582572730247
3144,25.24466859190408
1148,37.36928128414928
1149,33.59244807684024
1150,41.53178408948983
1151,48.9915471123489
1152,44.1313464864032
4440,26.579389325209487
4441,44.681116542715166
1153,45.09878395970955
1154,46.71365044790237
1155,46.76655857583686
4442,30.06813124928417
4443,46.763954465817605
1156,46.625839278482005
1157,61.95568119062364
4444,34.760615019003296
1158,59.69806894524977
1159,63.466486930055886
1160,62.48332515516935
4445,43.73236319102902
4446,38.99729331578892
4447,56.90171314457479
3145,20.55765748165233
3146,17.302479515490646
3147,34.24705917181296
4448,46.40971964888729
3148,14.067452327642531
3149,31.70990968763264
3150,24.549887874738378
3151,38.382052150212445
1161,51.94313402484438
3152,29.37787816432224
1162,26.73892584508829
3153,34.53689893621184
3154,37.31123856080906
3155,41.93298180694188
1163,34.63987021967995
1164,21.20971154611179
1165,16.874406133369718
1166,20.448864789078307
1167,36.08690560764246
4449,18.37790383313971
4450,30.39384444289069
4451,23.078561486241263
4452,17.327933324990507
4453,19.757521666882024
4454,26.496075086183147
4455,38.38846077918346
4456,31.87532558301555
4457,39.01201435203449
4458,35.94611027492888
4459,35.92680850770985
3156,14.100230767923964
3157,19.48923076729141
4460,9.912948862709031
4461,24.85734770728291
4462,12.910213237654991
4463,22.413561112637467
4464,19.893341314036263
3158,33.89354401696538
3159,46.19366616622892
4465,18.946098250704413
4466,28.137356268130045
1168,20.229107176837505
1169,22.510634501523995
1170,30.828318332417183
1171,37.17241911419756
1172,52.351828989669926
1173,48.650866479290286
1174,40.87647141954439
1175,55.05687475584028
1176,61.21915321261879
1177,60.41083461321538
1178,73.18082833345049
1179,62.1887879333841
1180,62.05585088741732
1181,59.23359499485738
4467,24.783113391073044
4468,24.156460049661444
4469,33.58022522299497
3160,8.700982884503318
3161,24.621123788945138
3162,31.972928927790065
4470,19.019193410844142
4471,33.716526770081565
3163,27.812553342292816
3164,31.755901279421305
4472,26.70200477541704
4473,34.076291325563254
3165,30.68102442794009
3166,41.68352030854486
4474,37.86921498463455
4475,41.672488657594734
3167,42.95989374292281
3168,45.38045322895418
4476,43.23245297653671
4477,41.26871773033196
4478,33.866837324117014
1182,17.519890258141753
1183,17.881902443693463
1184,19.584625176251954
1185,26.564333954941816
1186,24.620673444879344
1187,28.24573897982855
1188,19.91045487550853
4479,19.235722498262653
4480,20.738998000273213
3169,16.08806786707501
4481,16.802600369717418
4482,24.03908425215556
3170,28.43422398865882
3171,28.252634575473508
3172,21.498567562252976
4483,14.7903430416544
3173,24.55910065533384
3174,38.49013546677293
3175,22.25116918242105
3176,34.48222358332142
3177,42.55520785616868
3178,33.97046985828262
3179,35.93236804389835
3180,39.9438216214368
1189,16.444323608004343
1190,8.668341828569833
1191,25.25678389775801
1192,19.18219880568897
1193,33.86135258778921
1194,22.12660897584564
3181,14.065595539486509
1195,29.855723889423317
1196,37.73333458147609
1197,36.82812272194313
1198,31.529444907854685
3182,13.071393255800649
3183,24.74328863813817
3184,23.86240329389685
1199,33.23516355370734
3185,18.41474761399164
3186,26.664700906716515
3187,29.71734501377468
3188,22.66546788037144
3189,32.43780391095022
3190,27.23486758490232
3191,36.46375551046406
1200,5.235590152839554
1201,25.889807868025382
1202,17.845369032201937
1203,20.535250662570583
1204,33.525759628369386
3192,13.824757347772632
3193,17.637744737897567
3194,11.272561241833484
3195,13.51223815805223
1205,30.95678033254185
1206,28.880542574514905
3196,11.338573029389794
1207,40.80521022365503
1208,40.995417830930506
1209,48.70466041242853
1210,42.74456750351221
1211,36.234632600038864
1350,38.670746909555525
1351,51.37670540020331
1212,51.596180329966266
3197,21.581693983438758
3198,34.76776782801762
1352,27.08168686315001
1353,52.49156179477887
1354,30.78623816130033
1213,21.357315438977277
1214,25.4436726769066
1215,15.527287139729516
1216,32.7315780274546
1217,38.8684475767078
1218,16.38424515394246
1219,34.321508744087424
1220,31.45546062202446
1355,29.0608095814164
1356,34.196577154923986
1357,32.540802982109085
1358,30.297648376191468
4484,35.611655474356155
4485,35.47835784189921
1221,44.21142949255152
1222,32.26757065243956
1359,19.34696408198028
1360,29.44742100122939
4486,37.95088760023197
4487,47.321491792446295
1361,34.41081894962183
1362,39.84815052178215
1363,37.56309976255382
1364,32.42415275030899
4488,35.738763525616385
4489,54.95277746395961
1365,40.8482942368284
4490,43.086522960725006
4491,53.70840386878688
4492,58.9227255819033
1223,10.240574650874102
1224,26.61978329539365
1366,6.664923951481385
1367,22.227040855134774
1368,22.19016729401172
1369,11.303373207655095
1370,25.69858986631217
1371,14.03648395332997
1372,24.3519539298324
1373,34.5543085717875
1374,24.819725207248634
1375,21.75097539895087
1225,14.121273101965048
1226,18.943909498414573
1376,30.01890884310359
1377,37.90815591930104
1227,15.335811930661826
1228,27.830385028000197
1229,20.19754528409189
1230,18.14262958694914
1231,19.023827068824048
1232,16.71326532569048
1233,21.109211717958143
1234,35.37963510517861
1235,28.834479804371224
4493,3.808948436724844
4494,26.38347044230004
4495,29.66678119370637
4496,22.73746765654928
4497,19.428315619418047
4498,19.65438219815221
4499,40.98684666219795
4500,34.42744817657203
4501,33.2404887682956
4502,35.67069714419348
1236,17.200664146312917
1237,19.069771725281235
3199,25.25800830173451
3200,26.941399156508663
4503,23.444654724450515
4504,33.948361588494144
4505,40.34847164660228
1378,12.154427666588882
3201,35.28647625110733
3202,38.976577046781145
3203,43.1340246531865
1238,18.72281703113716
1379,23.58170670245272
3204,31.626177129418146
1239,32.439388724043475
1240,30.970112415574715
1380,19.22762615919284
1381,26.708641792949265
3205,41.555340013386335
3206,51.11691119928592
3207,49.79811908245509
3208,36.88613473579467
3209,43.35059597921516
3210,47.98946813015957
1241,15.402090641908398
1242,35.86867970641278
1243,19.126315830253343
1244,23.16227907441011
1245,19.128902546591576
1246,32.90548604259595
1382,12.75444334948542
1383,27.289591854933903
1384,13.826473912517695
1385,13.037842344771043
1386,32.86563238880001
1387,28.56146123708166
4506,19.463416569398927
4507,21.101122132916014
4508,27.3665315457469
1388,34.777077400432745
1389,32.312379335407414
4509,10.311423514578117
4510,17.927709348904806
4511,26.344955694105387
3211,9.036189942414698
3212,21.93222343396251
1247,9.54739252802825
1248,18.886114450609643
3213,17.797727574540012
4512,4.067208790482889
4513,16.094244647385423
4514,16.374004889880936
1249,13.959990965469176
1250,22.95619888555865
1390,11.333807707892865
3214,23.43438561293563
4515,27.475456711063607
4516,24.470310549265005
1391,10.221344615794004
1392,14.38937141761363
1393,15.11001502652023
3215,30.09042066507082
3216,40.76507620545706
4517,24.769316591247684
1251,23.52913485980564
1252,27.893555041554027
1253,35.71943875538572
3217,30.79833793422392
3218,28.29814214119678
3219,37.96743230576912
4518,23.088603253985152
4519,35.0424726381435
1394,12.051217621583618
1395,25.328939205145403
1396,22.87339146019872
4520,38.78627320947686
4521,37.33037220960684
4522,35.29771635047837
1397,24.11392215514125
1254,17.234486077798458
1255,27.20743017124218
1256,21.50593314939894
1257,32.55387092671105
1258,27.834899439927284
4523,15.659913285304892
1259,44.181452474032255
1260,39.41032287432502
1261,40.021351145313766
1262,44.82168368107053
4524,26.18610711591844
1263,47.10070414104708
1264,45.80969271879557
1265,50.40685834261202
4525,13.594310516761828
4526,27.19105792323616
4527,33.44897789527059
4528,34.583023915202624
3220,6.501022327287361
3221,27.10760352504134
3222,19.64270496964401
1266,26.03861174064852
3223,20.191925188378857
1267,25.983794039524287
1268,32.430312319873124
1269,41.75109748445384
1270,41.22701090343758
3224,30.95194500367044
3225,28.831357043424035
3226,26.19499487175452
3227,41.85852585780845
1271,38.89183690079283
1272,32.97959076134035
3228,25.581109830390798
3229,40.06602629924354
3230,38.127338365184855
1273,18.48448344087366
1274,31.476832360026084
1275,39.891097292709816
1276,44.36485571024897
1277,21.859549841404625
1278,31.67655607257208
1279,29.82578729940102
3231,12.487563280187311
3232,22.68177179910105
1280,20.52707296101117
1398,10.382102029773309
1399,27.210527638634453
3233,18.811798201182548
1400,22.15069051451416
1401,38.7648326482689
1402,25.638724678082163
1403,27.090449577649963
3234,19.132355871101662
1404,40.329230074134
1405,36.30952731677523
1406,43.94069353058596
1407,38.01636369670739
3235,20.71854229303218
3236,27.41360992349731
3237,23.748550099090966
4529,17.003247203050588
4530,27.874069345433757
4531,33.82686038515954
3238,31.497993379732627
4532,26.904120571114376
4533,40.40967521450356
1408,45.69014377136898
1409,51.96619758407816
1410,33.68266259163183
4534,38.23484581204037
1411,41.63162852673955
1412,43.32950336048244
1413,40.77285286976805
1414,24.099535388264368
1415,30.93970114641126
3239,10.054678703161905
3240,16.144073564977166
3241,23.47112988663652
3242,17.216418522262032
3243,25.570697740118096
4535,10.028092008348146
4536,29.38723215381876
3244,25.87977049819498
4537,25.803735805298874
1281,2.940201529490801
4538,23.337826267379015
4539,23.897631897806612
1282,22.05605300532204
1283,20.85558711417389
1284,19.64297144390887
1285,22.8360172280828
1286,33.67350242135306
4540,18.232313232583003
4541,20.39508326749818
4542,27.147000716665325
4543,21.522360490227346
4544,34.81028401631579
4545,23.99383787345153
4546,34.50753085237028
4547,35.957180017661194
4548,36.79077837004815
4549,45.34292372798146
4550,35.54365293613211
3245,19.09544636538441
3246,16.306986970788525
3247,19.82653249711786
1416,6.078682047358019
1417,22.35122952076989
1418,23.27255464100208
1419,41.421887088004524
3248,21.9570087044163
3249,35.51877588140447
1420,36.14738165626086
1421,33.47875555736769
1422,53.369424013753815
1423,39.333252024411536
3250,32.48458084484318
3251,30.040425542561252
3252,30.951480100394257
1424,47.303312232766906
1425,42.864845238572514
4551,17.98068028667435
1426,47.63410712120556
1427,61.72303225286534
4552,11.0303597538997
4553,23.35397255204132
1428,47.323506799529966
1429,62.08612457146625
4554,31.972764532991985
4555,27.59346033212448
4556,13.72000092753861
4557,27.06811964936613
4558,21.30853639932466
4559,19.748456823733807
4560,25.916465421920886
3253,9.336608473234229
3254,21.1914425587811
4561,13.767516326155276
3255,11.295996043727529
3256,17.528962861263395
3257,30.422343288289312
3258,32.41520437670099
3259,28.645751258452385
3260,25.146691367866605
3261,28.493821621080087
3262,27.57318649774904
3263,36.42778778413093
3264,41.73458109557268
3265,8.11243665139267
3266,9.248739673486917
3267,29.944311126595704
3268,29.050513063457664
3269,30.21886551930932
3270,32.640905353294855
4562,1.0572836141256357
4563,19.61036300444021
4564,22.293330086860284
4565,32.714948955666486
4566,40.53660527177617
4567,39.895540036993815
4568,34.06434565564193
3271,12.84855008187886
3272,20.735784113484566
3273,34.97109700205698
3274,26.525017771976515
3275,26.82813913740667
3276,32.33450270894852
3277,24.50420424019445
3278,40.52827220071463
3279,40.45863456350922
3280,36.85488483345672
4569,12.913350103745252
4570,22.186911570799584
4571,28.74302496829196
4572,24.532977498768712
4573,16.060060797330774
3281,27.836195796804606
3282,40.83985651239224
4574,25.860106632149613
4575,36.38149155144578
4576,32.33080443597543
4577,24.027386795128216
1430,24.287991487051396
1431,37.49605655882461
1432,33.20621976281874
4578,12.868629638336389
4579,19.549123135227926
4580,23.886296149470187
1287,33.94462906572167
4581,23.2114388542139
4582,26.270064675085354
4583,32.76272419606659
4584,25.804572670907383
1288,37.32946486693045
4585,19.21929643915608
1289,31.57414079312368
3283,15.275739745312466
3284,19.923095984953427
1433,13.70009837820283
1434,21.34678421253729
1435,37.21633672475406
1436,34.26269806127915
1437,32.51387428038486
3285,17.379222242820124
3286,26.386352512683683
3287,28.94661318583046
3288,42.77943151538393
3289,38.198169556224194
3290,29.739984138222223
4586,0.6993971205366258
4587,14.379101224740308
4588,20.941602222416925
4589,28.110418782638572
1438,20.35840683032548
1439,27.9675215233526
1440,36.76800222697177
1441,29.841630986155185
1442,32.18454508793114
1443,51.38017412222082
1444,38.02142493903174
1445,43.08925999875064
1446,43.57199272002613
3291,2.691782342693739
3292,21.30157243000424
3293,21.28320672145349
3294,27.24769532612833
3295,26.98975811074741
3296,30.614736677471956
3297,24.37712954606432
3298,27.935607416466997
3299,30.81237290278187
1290,38.3467524875056
3300,19.609603641904314
3301,12.931506083286749
3302,35.431721469030805
1447,15.227345823621189
1448,22.017797277066585
1449,25.92153320770789
1450,34.079456115535535
3303,11.616955815189408
1451,38.26569582108891
1452,45.17706512605879
1453,43.31979856984567
3304,18.65649468057496
3305,29.63536850235088
3306,37.98775380962033
3307,14.536170842337286
3308,26.917390785723228
1454,12.147838209928564
1455,18.42454878447477
3309,16.369747229579154
3310,27.643425881479743
1291,14.989241142587137
1292,32.8456705039223
1456,13.79947349559408
1457,28.703078359246344
1458,32.0727245123507
1293,34.53579974948937
1294,52.3692298980076
1295,43.86877755627294
1296,48.51935651836817
1297,37.07578808195285
1459,16.66885738049612
1460,19.959266614206506
1298,33.54069835242281
1461,29.540525394746904
1462,30.61534877948045
1299,47.95475287658532
1300,45.716052402468925
1301,55.611802521717145
1302,46.431700642836205
3311,13.83178895115842
3312,17.450758639646008
3313,20.89637552535336
3314,21.688459661609
3315,15.48890605928673
3316,25.94845728721272
3317,35.99062525693984
3318,19.01092044378153
3319,33.36804607671698
3320,34.32460982277569
3321,44.20647520596251
1463,11.085154128705272
1464,15.342429898521708
1465,22.179835487759245
4590,36.46498228673398
4591,47.70629993976287
3322,19.240321805234856
4592,34.73302453171027
1466,16.35911113919329
1467,16.912176178097575
1468,20.80905684843968
3323,16.71664805825782
3324,27.827190049791533
3325,13.775297866619653
4593,29.58868186389596
4594,42.87798662445061
1469,26.69622768155605
1470,32.83251446981886
3326,29.694089963917044
3327,26.055158571770534
4595,36.25945265352619
3328,27.984190795430543
3329,24.03118154110868
3330,34.68958115038385
4596,23.329744767451693
4597,23.380221417013782
4598,40.93178440519731
4599,29.72450862858852
4600,34.127986309643184
4601,36.28995233426729
4602,38.91419927749431
4603,34.210316952360394
4604,34.378265625332
4605,27.88876664103901
4606,39.28447298783145
4607,42.499103284605326
1471,18.35163097741922
1472,20.152093499467664
1473,25.8875552177426
1474,29.63399080047556
1475,27.34766957752952
1476,31.403932699155867
1303,26.50588017694021
1304,27.627840106311343
1305,33.06165974967987
1477,21.59246806122278
1478,23.22172656385157
1479,35.05733561717445
1480,26.71872710454251
1306,44.3780926053028
1481,18.750448696824627
4608,8.891750241902548
1482,28.336521899272014
1483,25.893307585863845
1484,30.70865438066197
4609,21.345888814265777
1485,29.18157219612248
4610,24.41596983141389
4611,29.360299265346747
1486,29.7573168997328
1487,37.620382255525946
1488,46.11536949536847
3331,13.772680159009088
3332,27.198275709929675
3333,37.18227902602104
3334,41.60888826595762
4612,8.779008163626994
3335,31.14641913872784
4613,10.944550519855458
4614,24.832658184439648
4615,17.742491727757855
4616,12.105517661817563
4617,32.90712924751494
4618,34.71815833966216
4619,13.001648263887652
4620,21.36812548174277
4621,20.118842025601182
4622,22.654890522251467
4623,29.82295633753353
4624,32.10388780012008
4625,35.287965923085366
4626,44.27809750473325
4627,50.138302499418025
1307,28.762271097010768
1308,27.5216213075218
1309,39.1056275210796
1310,40.68352917292663
1311,39.91743161113432
1312,44.87644185040335
1313,43.92931966534292
1314,36.44057456850782
1315,40.92426434677247
4628,0.2678293880180753
4629,6.0917439480159095
4630,23.008232178741565
4631,20.022247415587444
4632,24.25509794240332
4633,40.5138310470471
4634,31.723631536855198
4635,33.95933716067436
4636,32.54143995674124
4637,40.29114020620773
1316,7.259402996910325
1317,15.50804228177994
1318,26.931104889568825
1319,30.520358624070823
1320,21.551089044998868
1321,32.394855321019435
1322,36.367243736480525
1323,38.84509765458343
1324,38.2805213519064
1325,41.42993544531401
1326,45.0438216141258
4638,15.282079820735705
4639,16.042419559282735
4640,26.54122395760352
4641,23.065390998792484
1489,30.996851207919885
1490,35.79161168935676
4642,11.590444945880762
4643,30.86715649392944
1491,40.51655674109575
1492,44.748455725003424
4644,19.250924626524068
4645,27.28489036630196
4646,29.81130750177806
1493,34.76316372873291
1494,50.66498382735729
4647,26.62647470577039
4648,36.77072025849871
4649,43.3980699958979
4650,44.10398388806289
4651,35.187091311203
4652,50.982605920984334
3336,22.95736695281275
3337,35.59705728255649
3338,39.43676374294709
3339,33.27018947112973
3340,37.38909996161028
3341,45.92082413066323
3342,46.75692496995776
3343,39.49379743176371
3344,43.43669555319368
4653,20.4070315295784
4654,13.306735767618644
4655,26.82230069147541
4656,31.77702231541271
4657,19.604465504341192
4658,27.65889552069812
4659,35.905298208626256
4660,33.51008724084856
4661,34.206372996976214
1327,31.57013715006823
1328,38.62834102975458
1329,40.823841691546335
1330,35.510271503963686
1331,42.09366211665034
1332,55.70856382939782
1333,47.39599178063794
1334,52.13087979074472
1495,18.71030706937177
1496,16.84592849344216
1497,18.799343990449543
1335,46.44833861627935
1498,24.66627272163655
1499,18.61740460426718
1500,29.20128072391465
1501,32.584661971609535
1502,28.525568729989004
3345,10.836190779841282
3346,28.3443252650919
1503,27.48266368076859
1504,41.2236938030556
1505,34.85380325567552
3347,16.491816298643638
3348,17.903825209143125
4662,13.01875772674587
1506,46.44236646604597
1507,42.54674703438158
3349,18.4190535466482
3350,37.28025011637254
3351,32.372191927186954
3352,29.93959848397224
3353,34.429951739113775
4663,15.7005236769118
3354,31.71295190456931
4664,28.697056299900336
1508,30.94681719761595
1509,39.56327793861058
1510,41.84504515017149
1511,33.84033360745018
1512,29.394847245230636
1513,31.443212051311452
1514,40.47507612935023
1515,36.93765430338221
1516,31.86824378349172
1517,35.233379246326244
1518,32.32924111264926
1519,43.40704123471526
1520,41.1188260999748
3355,7.407884418562726
4665,10.198380442231883
4666,18.89895134404898
4667,22.03726841276188
4668,29.59294458909259
3356,15.119437092810411
4669,19.90753921508637
4670,21.966044565601944
3357,4.694171397008941
3358,15.142396364351342
4671,24.50604656818884
4672,24.73117010263929
4673,30.287310515644958
3359,17.729066147790103
3360,31.602158194913734
3361,16.96470495560561
3362,23.988139635282256
4674,28.932442711625725
4675,34.256773481701586
1336,10.612031312926348
1337,33.47560464421461
1338,15.404418329660022
1339,35.922202107836995
1340,36.20092055258262
1341,28.761433635588613
1342,25.06677081167159
1343,45.66632378405334
1344,40.803870798848536
1345,51.42681909928723
1346,42.032769892179296
1521,9.15371759194721
1522,22.177410416937768
3363,15.50495360373674
3364,16.07284910340735
3365,22.543424110944844
3366,27.10972787382572
3367,25.26002852061182
1523,12.19863161409937
1524,29.318107798516262
3368,26.50668144723413
1347,17.641426691393846
1525,22.72872380816444
1348,16.767537420565606
1349,21.291413123421933
3369,7.377181054948503
3370,15.587315919292676
3371,25.16181369208181
3372,29.960223801899648
4676,16.61090658074264
3373,15.56053668626061
3374,27.383722534622525
3375,20.95263806873214
3376,37.63132150501247
3377,21.83575188241512
3378,12.80194664471448
3379,25.5845548414694
3380,35.352280856071964
3381,13.228227498508502
3382,28.257034749535983
4677,9.19515032913525
4678,30.929149910225544
4679,22.016670889961706
4680,33.53963830527876
4681,41.36576928892422
4682,36.47236824057915
4683,38.90387832430818
4684,43.477472418003856
4685,43.74648283112997
4686,40.52092864332693
4687,50.03546198889241
4688,50.59989585002546
1526,31.63397490436139
3383,15.169408852682896
3384,30.43559424073968
3385,24.545402569431896
1527,35.652863056588394
1528,40.5456419795446
1529,43.42484268722961
3386,21.92729118196057
3387,33.554758531960985
1530,39.09038719825391
1531,40.054930536812655
1532,44.6176262497451
3388,25.078468079741487
3389,30.05366510003747
3390,34.1714397353004
3391,37.10412815005703
1533,41.42898867759233
1534,46.43873866721661
3392,35.03908261215664
1535,46.57249348790484
1536,52.33962554714376
1537,47.95610441794604
3393,37.69624980869322
1538,9.463269194596576
1539,33.743629921779586
1540,28.081741136187794
1541,22.41863307754151
1542,29.4144687750047
1543,27.89076200440164
1544,34.86215740252314
1545,37.80676566717757
1546,35.26387797367277
1547,11.16345453123068
1548,27.20379545221413
1549,25.42310135482229
1550,27.018769366487756
4689,35.46638964834256
4690,26.292006680540027
4691,38.84891010982821
4692,49.26009815948788
4693,41.42311615578274
4694,55.90041343169936
1551,15.148993136195369
1552,21.107377716163494
1553,17.347366524242446
1554,22.92501645946938
1555,14.362600110843562
1556,28.825117893801963
1557,19.39263442798068
4695,18.86205271539403
4696,32.10607360373366
3394,30.677957756439422
3395,31.43011313446304
3396,28.638432005638062
4697,26.76922216063237
4698,37.86344625802415
3397,39.01155926623775
4699,31.93168701261944
4700,32.987902122705684
3398,29.817918069957543
3399,33.91543987416721
3400,37.198880296584974
3401,36.49859074312874
3402,49.50219088422813
3403,43.671384140020685
3404,41.96864848107253
3405,41.384628368589205
3406,49.88093110349145
3407,59.59617442646454
3408,52.79874644459289
4701,20.14239216478794
4702,38.82665149137162
4703,29.030485545697427
4704,40.5604726799097
4705,32.66710982283758
4706,27.490378833599397
4707,33.64948404668218
4708,31.27527675929164
4709,35.81001070040447
4710,48.52176094358683
4711,33.89558084571101
3409,16.51699240092406
3410,20.535329462852108
3411,17.104529022481902
3412,18.66971441074525
3413,24.055129376155847
3414,24.57079063303162
4712,20.35070204326072
4713,15.83362234375188
3415,24.796849462568776
3416,26.83327288394539
3417,26.6238913997652
3418,43.74342894505723
4714,22.63457868785334
3419,32.62451698975266
3420,35.74923660511894
4715,19.963485018825352
4716,21.21835062244813
3421,7.687683368052706
3422,35.37197794641842
3423,20.394325657519197
3424,31.649253658655635
3425,21.410764580377727
3426,18.98317039822148
3427,23.4926790180285
4717,0.9911999869894536
4718,19.406552485456395
4719,13.610327548664984
4720,16.3811629554597
3428,28.73492831089468
4721,23.24272856485346
4722,25.05009229764332
4723,25.46236983996968
4724,27.083949818053103
4725,29.148531039745365
4726,27.60939783298034
4727,32.70018635728132
3429,6.084617480140453
3430,8.95394355815363
3431,17.009594091501555
4728,17.664393597486594
4729,20.47011933419345
4730,22.32932572069764
3432,17.522696965443938
4731,22.53153782416485
4732,39.70115567213015
4733,31.4404480280033
4734,37.96023174977368
3433,34.64521900966252
3434,33.686007187564016
3435,22.26135632894289
3436,26.072390529395708
3437,34.05813264317726
3438,32.18329139223043
3439,39.26357223815936
4735,33.92333073212718
4736,41.47374528314298
4737,40.03034202916504
4738,23.378145418520443
4739,18.236920235898275
4740,33.12635157817896
4741,18.163735684379112
4742,37.56404760945178
4743,28.93735784426204
4744,46.7160933089032
4745,37.58480365633326
4746,41.856337835471415
4747,30.55878705069212
4748,43.73960058850705
4749,33.376134585130266
4750,39.46754500204594
4751,31.45970669607328
3440,23.79804309291302
3441,21.48363258862058
3442,13.012524249726772
3443,22.59667745913531
3444,29.185258249786507
3445,32.60460491568572
3446,27.02337134048296
3447,31.27535773803953
3448,40.2794269034456
3449,6.694735063562604
3450,30.089106791273416
3451,17.321044595388905
3452,26.92652348662858
3453,17.429419996227907
3454,20.453147411527294
4752,8.277289770828009
4753,19.67647491861058
4754,21.87769742335788
4755,13.580963819288264
4756,31.832449118542552
4757,24.70361174997846
4758,26.7715092898827
4759,39.48842590881115
4760,35.89452937074694
4761,36.23589994350809
3455,16.181340176056477
3456,26.87592024591651
3457,27.678169804862947
3458,27.715060073076693
3459,18.09612822251538
3460,38.5669625066236
3461,34.85130613214514
3462,38.94380557709504
3463,33.2568971950116
3464,34.904983188381244
3465,44.79460391212217
3466,45.11135904641224
4762,7.483928174341938
4763,19.178422140738807
4764,16.843738379211633
4765,24.936835552803
4766,23.900608464346504
4767,26.447384484672828
4768,25.87736293801051
4769,43.71797920493161
3467,16.37677270524267
3468,13.550455547310236
3469,15.700584018393736
3470,21.512401682894165
3471,20.416316059493937
3472,20.802212681958935
3473,27.175486651537437
3474,30.79798528640484
3475,30.06487468377278
4770,8.369942403352653
4771,14.173210994163778
4772,20.364406253587177
4773,21.916150567683395
4774,32.28564395350976
4775,31.53705759391406
4776,44.40602446773621
4777,10.698727360666933
4778,27.05451870323741
4779,32.26224756170324
4780,27.96066286086381
4781,21.811566412251885
3476,33.67998865362243
3477,36.0097724836505
3478,37.25201560028146
3479,38.02098503701126
4782,37.969132602285725
4783,46.80228649540055
3480,46.61260390801635
3481,47.16156752524987
3482,49.78737789157029
4784,43.761419709553465
3483,6.064851001821865
3484,22.53956140830667
3485,22.29262628859924
3486,18.912830978648746
3487,34.91657182521736
3488,29.07739280967776
3489,32.44558765818738
3490,37.69804478929524
4785,11.72470189288815
4786,30.74940229266764
4787,13.80815400945355
3491,10.87957326802263
3492,21.26094947243956
4788,13.039009538782274
4789,35.7990270278938
4790,32.87930200854468
3493,22.82186844253664
4791,32.19845973608352
4792,43.0780081254781
4793,38.00153587075681
3494,22.26737097094588
3495,20.63949310241128
4794,32.979373879864895
4795,48.53786763396676
4796,35.24390229963218
4797,17.069136809804412
4798,19.08904684749619
4799,23.885634152479778
4800,28.671753569558124
4801,20.428087207814293
4802,35.71106052263111
4803,38.704481362714056
4804,34.15888291671289
4805,44.35395750277523
4806,37.14978232711533
4807,48.7833279539833
4808,16.211944991568863
4809,19.6909843552965
4810,24.91030674595818
4811,21.445646805577425
4812,20.35118729936873
4813,19.795881876928984
4814,28.825957629905385
4815,21.338310577198605
4816,16.181136440808757
4817,28.288479796997763
4818,29.526539737335685
4819,16.629331039221572
4820,16.59034703046419
4821,18.271575566395796
4822,23.77249321328416
4823,35.985844044097334
4824,28.539352961532742
4825,16.48914129701512
4826,32.08826504153874
4827,19.62151374484161
4828,30.67044969054243
4829,15.01828540412086
4830,35.00466346238425
4831,24.89740362500188
4832,37.633737993024354
4833,27.373083045934724
4834,38.08402779723296
4835,38.585305777683246
3496,28.23044773338502
4836,12.26590965692086
4837,22.92360566215369
3497,36.770914149757495
3498,37.35431139266863
4838,16.02062661530509
3499,36.26931313775562
3500,45.98498176483875
4839,17.556440809702195
3501,50.49842737006776
3502,55.3739842139741
3503,52.64917344063873
4840,22.39240782420704
4841,28.87820697054068
4842,10.745530512604269
4843,31.91585845188821
4844,17.37528750050785
4845,22.063153337117296
4846,17.048794391496163
4847,25.283957907695875
4848,34.08863462886131
4849,28.157954968106072
4850,24.84235556304281
4851,35.608113397156416
4852,43.30417193090548
4853,33.57565477592422
4854,40.3313688535122
4855,14.633219642923027
4856,17.38093606589257
4857,25.91513929243991
4858,22.630874982323
4859,25.176682001059657
4860,16.523582105765026
4861,24.3993164599144
4862,23.63297965212035
4863,14.765477534225626
4864,27.23866758240939
4865,35.25912441844189
3504,31.12812331157129
4866,43.106750475671696
4867,44.34943280235506
4868,37.08822675531877
3505,43.22830276610655
3506,37.9911145110414
3507,42.023761941491024
3508,46.26923552939939
3509,42.48795708801629
3510,45.58304122725109
4869,21.54812129109757
4870,13.769282031249126
4871,25.310034157780706
4872,8.81438947605545
4873,18.580386440945343
4874,27.44884033835349
4875,34.47684424815118
4876,15.426401872327732
3511,6.666699063288765
3512,20.052940673090504
3513,18.199216800068267
3514,15.26375326590116
3515,23.253782684614908
4877,20.717209533627617
3516,23.93893372727742
4878,25.38247631056136
4879,18.3946531714232
3517,17.803683292507337
3518,36.59204588136798
3519,36.37959467169506
3520,38.12404120412969
3521,46.35098891910356
4880,3.900055180104892
4881,17.784557738089593
4882,29.773993182760584
4883,25.63082277837364
4884,20.880257072256292
4885,38.66039171899105
4886,24.97757439651965
4887,30.755025415706104
4888,31.02026920485488
4889,14.878455311923975
4890,29.715131040128952
3522,19.73656161172357
4891,16.73192082232883
4892,20.533018840293305
3523,42.21495216114668
3524,33.18175722037349
3525,32.22001816209597
4893,16.898640541493144
4894,18.338425290073268
4895,24.010768767625084
3526,39.69879738769499
3527,46.751649238607904
4896,32.45931894102992
4897,32.32932193162597
4898,30.62144120913417
4899,41.40712757651073
3528,15.65649776791532
3529,16.08293060937081
3530,20.892262037011683
3531,35.8301354088865
3532,20.75196480735511
3533,39.99054243478429
3534,29.13452587831297
4900,13.615840616689065
4901,16.077442823470605
3535,26.57302825354005
3536,28.642903819112952
3537,18.768140291388747
4902,16.14101730725769
4903,18.897152667693145
4904,19.633664038085
4905,22.6465823892317
4906,21.903701697162933
4907,16.108574830659443
4908,27.065109171909544
4909,36.461927555667536
4910,32.30359153099461
4911,38.97592769649838
3538,6.178202349096771
3539,25.960391336578333
3540,22.344360034962584
4912,38.88095773461367
4913,53.526850353662304
3541,22.635709087862654
3542,22.180559755261896
3543,28.212354994606677
4914,45.58117810256808
4915,48.85295708234224
3544,33.456386112030614
3545,36.110438722464295
3546,40.08677939485188
3547,29.463227266194515
4916,20.93365667277769
4917,13.677972013519843
4918,18.874689454704843
4919,23.341589813284163
4920,21.472413084267483
4921,18.58852509408842
4922,30.245684132206534
4923,32.06792236321628
3548,10.68136298502057
3549,10.56818913896265
3550,24.67092972526491
3551,31.14688556659176
3552,32.31626104575811
3553,8.087591964488649
3554,27.460117888313768
3555,21.135578906592837
3556,23.984902795186187
3557,30.03088032122715
3558,12.857162555091923
3559,29.170821736715823
3560,21.856963426844764
3561,26.939032626866517
3562,27.2519397506749
4924,20.348369077573075
4925,25.40947518145623
4926,9.226605012630092
4927,24.62758947957314
4928,40.89861303865322
4929,34.16327611254722
4930,56.1764672644266
4931,45.05046476423536
4932,38.96946754753887
4933,10.104430651335846
4934,24.353510575710366
4935,13.195638439582272
4936,23.66138317658651
4937,22.681992295802345
4938,22.13328343358882
4939,8.459275386864105
4940,8.23713421576328
3563,28.70136858578524
3564,43.79095031745421
3565,44.50347967569066
3566,38.16774716421604
3567,46.03732375001614
3568,40.46518498599408
3569,50.94889340946226
3570,49.76980239582976
3571,44.17806232354548
3572,12.898337717616323
3573,18.004435854804658
3574,22.984956134478523
4941,9.831063951818155
4942,22.85966206644885
4943,35.015281604403086
4944,27.125426667427952
3575,17.893843174924257
3576,33.613674681690334
3577,36.20262583169794
3578,30.31491018417295
3579,31.880601364408115
4945,23.898842766387915
3580,40.42875350745882
4946,36.6072496006064
4947,41.64495825868728
4948,8.756970082877984
4949,14.276160026659843
4950,27.27757099612146
4951,13.821103010136348
4952,18.45943926699003
4953,29.05650666996882
4954,39.94006856827916
4955,22.57742760366812
4956,32.77402584856975
4957,18.3261759023228
4958,43.538916040119005
4959,34.477517385437665
4960,32.28089131231716
4961,40.75924942747696
4962,46.63431747226532
4963,31.27253676128821
4964,48.38928602035973
4965,43.180172831580336
4966,44.25836134554526
4967,9.602979480290392
4968,17.27522499563557
4969,15.594143983454714
4970,14.88363308311452
4971,8.461350451915095
4972,20.95056646451337
4973,22.45612746422234
4974,16.343514315764686
4975,27.791769251044627
4976,33.28551508537768
4977,24.20375045442758
3581,33.96968065788347
3582,38.9320607203269
3583,42.92658994053586
3584,28.90030925792091
3585,31.53074870045186
3586,36.88355538996245
3587,56.81837995786769
3588,40.09069428739409
4978,15.481673237760834
4979,18.903156392615628
3589,48.41649809745383
3590,49.22401904381757
4980,29.25912013985293
4981,28.04034337420465
4982,32.34083988612024
4983,42.262476204608106
4984,29.874768131206743
4985,31.23364564720137
4986,37.56654144459215
4987,37.4319835741355
4988,42.231041235040514
4989,38.00741553331397
4990,13.15871594745692
4991,23.504305625110955
4992,22.859833729712165
3591,13.201331294739546
3592,19.77350444880789
4993,19.45152621782052
3593,19.682673381836956
3594,23.79067713222624
3595,26.54746680192705
3596,30.34710447078442
4994,18.191611938676395
4995,22.39684391890029
4996,27.339060809559687
4997,20.703728575162305
4998,16.629403336922238
4999,26.927172055956827
3597,29.849371927904983
3598,17.268635776170747
3599,30.670699147669232
3600,13.947941427413005
3601,27.363684200438215
3602,36.50998541593838
3603,33.81851299145473
3604,17.685507157917
3605,22.66946253231293
3606,22.509773311841705
3607,27.970941963600133
3608,28.30975732233891
3609,13.085646214304386
3610,13.45671669697447
3611,12.927225749256346
3612,16.44877662368714
3613,21.74199055512224
3614,16.82971753606966
3615,27.546382531103813
3616,26.327044484777947
3617,37.79588657385582
3618,36.90571042104166
3619,45.22543644202983
3620,12.05619417584596
3621,18.902702196321396
3622,17.470323857431186
3623,21.720404145771628
3624,26.435625281533454
3625,20.69121792605117
3626,14.885363867494265
3627,20.306110376929617
3628,27.986990249561117
3629,8.430514824042325
3630,20.65856613096273
3631,21.54103291920634
3632,32.6088361864179
3633,23.157767957836324
3634,26.658272734401947
3635,39.516181804293225
3636,36.7046727830034
3637,35.59784606083961
3638,30.589274633359157
3639,39.703724122037166
3640,37.41637409145287
3641,10.532713409687828
3642,21.26352088907245
3643,22.75557933843999
3644,18.36915466593709
3645,19.70929219902488
3646,22.590775420972783
3647,36.38683572158056
3648,26.33258442538242
3649,36.71416246576573
3650,40.1854576201663
3651,29.518242154573688
3652,44.351928833543816
3653,51.89974253775826
3654,38.13362084726331
3655,44.92648206826204
3656,13.96885080011544
3657,22.120324488520865
3658,18.598176562579194
3659,24.51302358004732
3660,34.00764562802858
3661,35.80733619875873
3662,36.521529680649294
3663,32.38631060944703
3664,40.14266355844688
3665,51.91974321049187
3666,40.33894304485752
3667,2.2416154417398118
3668,28.564665126822117
3669,15.41330490865192
3670,24.66480368964369
3671,24.35860995724381
3672,4.2711422576468845
3673,23.318826441801125
3674,28.50039821227276
3675,26.092121133194556
3676,20.20972562794548
3677,16.965882239798535
3678,27.765877491769555
3679,27.112194183319165
3680,26.13805983588292
3681,28.884702731222948
3682,0.3375244612106503
3683,22.767347652908374
3684,10.758437007914855
3685,16.994949075584497
3686,28.71629140196255
3687,17.90748852137069
3688,29.47616393492285
3689,24.130923874482708
3690,32.70375188979164
3691,37.932656547313705
3692,34.62271279828421
3693,41.42220790796894
3694,40.83322079420506
3695,2.741255092684158
3696,18.109591701110237
3697,16.40210785302818
3698,26.95867572470232
3699,30.992693176769187
3700,21.18527995917584
3701,7.373133419440406
3702,26.677626971008905
3703,15.259548622765957
3704,13.40149222692242
3705,30.926594566366543
3706,25.753220465636588
3707,23.54081089567333
3708,29.32394743455301
3709,17.219281446916575
3710,21.67804320388373
3711,17.468320876019096
3712,16.99674769796314
3713,28.663047409184824
3714,23.790008190030218
3715,14.052602529006249
3716,30.42041009054847
3717,33.04673951863559
3898,35.20485995246506
3899,47.4507842354928
3900,36.81831060449216
3901,46.05403696469828
3902,51.084488248264805
3903,29.345402675257624
3904,37.16022428086588
3905,49.50355444884108
3906,42.27853095638054
3907,47.82140723593944
3908,28.960291608144967
3909,23.764515349828383
3910,20.92526466501449
3911,31.217730707607423
3912,28.520399029168196
3913,45.66658817974211
3914,27.30273234541464
3718,25.982086542977974
3719,37.82354863736159
3720,36.021126317954426
3721,37.02660332237806
3722,46.79818271547822
3723,37.600992530855706
3724,40.34368540420459
3725,37.46335956259113
3915,11.054437100173631
3916,16.40748311700955
3917,31.47674154521379
3918,30.28176795953652
3919,34.64008550805263
3920,32.15115512365774
3921,39.41593234455021
3726,17.61965528784151
3727,28.47608648139859
3728,25.477082927568425
3729,41.44887738485826
3730,30.329265711194687
3731,30.61023332369701
3922,12.670692293938815
3923,25.532312456676
3732,13.935730308061384
3733,40.75626018456097
3734,35.63180602646175
3924,18.87820238922416
3735,27.67626730958179
3736,17.913152475956203
3737,13.778853600646055
3925,32.550524902448366
3926,29.38022521352403
3927,24.041124528879745
3738,31.457412065924142
3739,39.70327787143512
3740,29.572663245725213
3928,32.566349374028874
3741,38.29729840621496
3742,41.165929490801744
3743,11.73991788235452
3744,30.979392763477048
3745,27.171204752481625
3746,25.17117679629647
3747,33.03780551813688
3748,33.314349226698624
3929,9.724003850943532
3749,42.720634658375104
3750,43.61202804574108
3751,34.46630921199958
3752,34.49199277476659
3930,21.514002225658345
3931,33.41067034597949
3932,31.82181104395668
3933,29.58283449589609
3753,31.34059508518297
3754,17.24553805002565
3755,12.23354841194125
3756,24.548932280660363
3757,21.834027534936844
3758,22.859230896057767
3759,34.547970315215835
3760,27.22125816011868
3934,10.387139236396122
3935,25.891609262485105
3761,22.02929089863609
3762,21.81466055157324
3763,29.18171986482922
3936,28.962651878711515
3937,29.31435219362245
3938,36.10773829712056
3939,32.836221361226784
3940,40.076017677004415
3941,40.65079262762329
3942,29.866214267542723
3764,23.56455866558496
3765,29.805200903176296
3766,24.446730631912278
3943,6.6065928686786
3944,24.155938850486688
3945,16.454649794729324
3946,24.20176951311369
3947,22.41903896000933
3948,28.470538516912505
3949,22.61431547331531
3950,31.391434762052494
3951,20.37397954348968
3952,17.97512147864708
3767,14.281026647250116
3953,18.713792238217646
3768,20.32949110453356
3769,18.406950531002774
3770,25.098658094467662
3771,24.11549840982069
3954,28.679796784763894
3772,37.6694443669661
3773,36.99812859089322
3774,21.680293975441792
3775,29.74556632337008
3776,3.681310837911223
3777,33.68042930997243
3778,30.14840482020629
3779,37.904942332712686
3780,37.42552488896462
3781,35.648845651533826
3782,35.139492662104416
3955,15.613458428479223
3956,28.88093217399805
3957,18.122021219230888
3958,31.23075816546216
3959,33.17267297679639
3960,35.64019819756284
3783,18.088125548011917
3784,19.238992663756058
3785,18.330562014689743
3786,13.646897779383789
3787,23.869956966532506
3788,31.48505788623154
3789,23.518115153246782
3790,11.456800500723205
3791,18.71370162833409
3792,23.747027304921613
3793,24.63345611937332
3794,31.577269859352004
3795,38.48775246210922
3796,30.49889108030072
3797,39.291605513687614
3798,46.81195712385436
3799,37.47193756825513
3800,30.626545878214483
3801,6.9778675693342
3802,23.57385964654199
3803,23.53065736917929
3804,34.12176993729133
3805,36.78955303735944
3806,42.47874682053894
3807,46.39754058167097
3808,40.394487140251904
3809,49.87001178164394
3810,48.218316475515785
3961,31.18436501728236
3962,47.936147275716095
3963,46.16231906288849
3964,34.94644312969558
3965,37.74495541253876
3811,5.516732818364616
3966,33.39765395662948
3967,39.65145340675292
3968,43.10787560164067
3969,32.31006407804958
3812,20.503438738869004
3813,18.54329422948992
3814,23.08312040695335
3970,37.40064942201459
3971,22.26419689392973
3972,22.46708297226437
3973,28.04547617827608
3974,31.4801208461442
3975,11.490047624398798
3976,39.77824871956677
3977,46.956193487627125
3978,17.468247878237655
3979,21.62384611545625
3980,19.93492877600278
3981,31.84352094165847
3982,37.76939019883957
3983,20.14322862084874
3984,42.21337558821622
3985,32.3843371393426
3986,43.38385635899917
3987,37.2588209257168
3815,28.59274797164677
3816,30.561381477599525
3817,46.06388948572528
3818,32.758794982467776
3819,34.08478808111122
3820,42.99574315524608
3821,45.98595503891293
3822,43.75154948552964
3988,27.14652745896369
3989,36.68275163034391
3990,42.17289933271236
3991,46.96889359302717
3992,38.06038281604446
3993,36.30431664667489
3994,51.10884735583851
3995,41.05669395689333
3996,57.80802134273642
3997,49.659934083322106
3823,15.23503135439348
3824,6.746751915543534
3825,35.153359675407856
3826,15.523546033600276
3998,8.41315231579671
3999,21.42248654040612
4000,17.90353701620377
4001,23.86134169560528
4002,36.49276185334295
3827,16.57226719238757
3828,21.51575384195072
4003,24.516462770845003
4004,22.793421930740998
4005,21.15305175907666
3829,12.75179864780797
4006,18.436454267270044
4007,33.67518480952699
4008,32.6356856295117
4009,28.32203304273085
4010,30.059598881704787
4011,28.33141949723213
4012,29.64337716215013
4013,42.69323544270181
4014,43.10487449512901
4015,41.73748119523571
3830,13.003887525660405
3831,11.077503970115355
3832,32.692434765550324
3833,24.16125702333034
3834,39.54869702566898
4016,15.62238828749788
4017,25.80400420905931
4018,21.81798301428
4019,23.589141088134287
4020,24.89192323659333
4021,26.61471786825743
4022,24.456396096803868
4023,27.768115066187896
4024,28.46811876466771
4025,33.385476847762405
4026,41.23023631254665
3835,20.36600549634557
3836,26.495413675396048
3837,17.58211672599876
3838,26.055016327280672
3839,28.47000358072693
3840,44.4174201530678
3841,38.0575734783438
3842,3.610191170419901
4027,17.617636752457578
4028,17.30777055540822
3843,12.296147639933412
4029,22.80608228827004
4030,36.51484884652498
4031,22.07214184638166
4032,15.563672363832886
3844,22.10202692165084
3845,29.279923782862497
3846,27.62728703173446
4033,28.87435543481459
4034,37.45348491569417
4035,25.457868147174405
4036,37.16214802654202
4037,32.43265950455832
3847,16.194942055663894
3848,21.65991357460517
3849,26.01497598926114
3850,11.511810651519593
3851,23.69159828841649
3852,21.423278621893218
3853,23.001578436441136
3854,28.52915730319324
3855,38.234928295492665
3856,34.67889692658709
4038,14.815989481411536
4039,20.40689232734096
4040,18.550329544961865
4041,17.025616351396987
4042,33.00519763785649
4043,28.97633348635677
4044,34.839114287661374
4045,28.978218957618424
4046,35.570612911218696
4047,28.8675604830998
3857,6.77944886146476
3858,22.626190109648075
3859,25.92321761130018
3860,13.559074853322542
3861,27.528329056417665
3862,27.794045524866178
3863,30.18638987121101
3864,24.53861275865557
3865,21.750519235173417
3866,10.182477269606258
3867,13.491694502906254
3868,17.730882725145296
3869,27.58036727578756
3870,22.121541246139746
3871,20.71271340141688
3872,26.024445579417783
4048,3.14238094846826
4049,22.443174835060816
3873,31.947751430154064
4050,24.7267918639672
4051,27.02665956187196
3874,14.521302061824697
3875,17.790599785403625
3876,28.533927652864
3877,28.917562739565337
4052,18.430403304601704
4053,33.580730413873084
3878,24.18649658484857
3879,37.55489187662561
3880,29.48601317715189
4054,28.92763511622093
4055,41.72923921615711
3881,33.69029020021353
3882,31.295927184533955
4056,38.53417004888754
4057,47.57817157659586
4058,43.50470220425945
4059,57.65692462625069
4060,44.11171736851673
3883,9.449355180555244
3884,31.167483041773085
3885,29.40198599515261
3886,32.396051203360386
3887,16.526359710441472
3888,24.5796511445226
3889,35.05473999480053
3890,30.831812077868644
3891,28.35433291582053
3892,33.420403597486974
3893,24.81986558736713
3894,44.23917150607569
3895,23.751311544284743
3896,35.16811450861992
3897,32.93724270200549
4061,6.391487366386939
4062,21.626463639660315
4063,11.984978005546733
4064,19.38409820508689
4065,18.1218433057575
4066,27.217612272324207
4067,21.3820600391164
4068,30.470807319851826
4069,24.48905170866772
4070,21.416986432561465
4071,29.3935220367186
4072,26.151092626562917
4073,17.464296936684082
4074,18.49260404090765
4075,23.651450890683524
4076,17.88616806140391
4077,20.776818749097348
4078,19.53862462135653
4079,24.22858948980192
4080,35.19857868243263
4081,14.05798363889202
4082,28.22181880478621
4083,25.79587299971432
4084,27.09816308431066
4085,20.96497063185526
4086,20.01341080165378
4087,17.528548395923043
4088,37.75332633878482
4089,36.18241449132459
4090,41.61784319265102
4091,19.32707465748156
4092,24.50487619187654
4093,39.62383141967387
4094,35.62101616492733
4095,30.99427955163265
4096,3.286090384444658
4097,24.531312213604405
4098,18.820440489420022
4099,10.572615379466344
4100,17.011488617766602
4101,29.23353634002988
4102,28.843629708106334
4103,19.261105882730455
4104,33.43720817637948
4105,23.19364265989752
4106,47.51530428311067
4107,37.89974292635219
4108,23.58703795332168
4109,31.13992893246377
4110,36.44117572308787
4111,15.133699024374865
4112,23.026973076643984
4113,22.12969333815461
4114,26.63347411064471
4115,23.78754632713073
4116,34.18297634683144
4117,37.61055960693137
4118,35.84689692463617
4119,48.33094824479311
1979,28.07768422584552
1980,32.26858994869338
1981,44.31002105096268
1982,29.22522256371056
1983,42.04884761203508
1984,39.176864438252565
1985,37.767225917144096
1986,44.31692063050092
1987,37.04603668319001
1988,38.2712485107578
1989,46.505476442351856
1990,38.2846395596871
1991,37.137482317048175
1992,14.182295670648326
1993,10.44165182355715
1994,12.313231667326017
1995,18.244423677038927
1996,29.12579563634464
1997,36.02064008900603
1998,17.813483099383298
1999,26.428294605096333
2000,25.99279047913825
2001,26.449404604558257
2002,21.86722477392098
2003,20.86815900612786
2004,34.47887249805623
2005,24.357179990507596
2006,26.972672815472524
2007,36.75969004252287
2008,25.877354455919143
2009,36.93081314539709
2010,40.92502845929715
2011,11.066444435281252
2012,17.911906177418405
2013,9.39766609467036
2014,10.358738475890885
2015,23.86375148374165
2016,21.53570942915097
2017,18.257812775086943
2018,29.258865618097328
2019,22.09251606706169
2020,33.60664389570516
2021,34.618065318406025
2022,40.84032423911753
2023,37.0374788462207
2024,14.84650885521817
2025,21.73781471640526
2026,13.245290609970064
2027,31.01231931404634
2028,28.287201904459025
2029,27.521122705132026
2030,32.69416439609277
2031,36.02474816509597
2032,37.71122788894457
2033,45.32781695000324
2034,38.70684758815325
2035,25.734080182628237
2036,16.69749425710956
2037,23.15620361541821
2038,19.715337878877584
2039,23.580118143528537
2040,28.590411405884804
2041,28.571543585931323
2042,15.277374764972109
2043,16.47355388489547
2044,16.194717720349498
2045,22.818094599536423
2046,27.96225366704341
2047,34.01053043215241
2048,30.86286652991063
2049,32.013780687139175
2050,26.78634113543325
2051,13.369914787903827
2052,23.472318810786017
2053,24.794296060231733
2054,11.889612532398829
2055,26.99617291662321
2056,22.35023167289056
2057,30.844117810073406
2058,27.393130682940303
2059,29.0054388761794
2060,29.26814132349242
2061,30.387069488577875
2062,43.70096770302247
2063,42.23768534215429
2064,5.52819543573807
2065,14.17699704379396
2066,12.739014040429677
2067,15.853344103529034
2068,19.597274170352044
2069,27.74164382880461
2070,19.52484114998693
2071,13.78516180507674
2072,23.342309727213323
2073,31.833512337536
2074,29.689193951738435
2075,29.592469524897083
2076,24.646549080011503
2077,20.311413958045133
2078,20.192301628629583
2079,32.682403587127084
2080,23.446662686354305
2081,25.71142585957955
2082,30.43197606555963
2083,21.749068731386487
2084,31.83275667904608
2085,10.03105772926994
2086,19.062019748020173
2087,20.774808334289517
2088,21.05231499536241
2089,5.275063731883656
2090,21.88371631744588
2091,23.2121742190988
2092,20.663553670116016
2093,20.936042371465856
2094,31.24981711762232
2095,37.006488437791496
2096,10.890348100180104
2097,18.60534105809256
2098,28.928747566946583
2099,15.231159937703891
2100,9.969087545537738
2101,19.541901942839115
2102,15.78850398293208
2103,22.921338119077607
2104,26.283883667914004
2105,30.310409781327728
2106,22.920375615793333
2107,34.9535205541094
2108,14.70954713979928
2109,28.433126064286228
2110,24.903250609364
2111,8.772474382907166
2112,20.133931138917934
2113,20.84201475529883
2114,28.758575108238883
2115,19.444522871292527
2116,20.335732127933436
2117,11.765871615889033
2118,24.32294213902489
2119,22.260485552035743
2120,23.311490099689948
2121,31.223708536152586
2122,42.31338949493704
2123,35.61193136855006
2124,34.661895757918224
2125,37.06256796706789
2126,47.28131134049179
2127,42.36427467778781
2128,17.11153823217155
2129,20.81634654862177
2130,19.338785694940608
2131,14.742075828097285
2132,28.25424180420117
2133,26.873906109755044
2134,29.40230812530429
2135,26.33820168867821
2136,32.075873296018685
2137,38.87791259721497
2138,36.04389070027278
2139,28.72825432653741
2140,47.068439774390754
2141,38.5818860814936
2142,42.02336753402892
2143,14.78483335056086
2144,11.82920866762625
2145,24.84734050007245
2146,16.95213759622495
2147,19.946576452108488
2148,30.75814369917485
2149,32.13302329678839
2150,31.95126968981089
2151,26.800446345555425
2152,39.28441989411781
2153,31.15827397088931
2154,37.620496776814846
2155,44.04130225902424
2156,10.70881125670091
2157,12.447692262044184
2158,13.042336160296372
2159,24.840901355239662
2160,9.990045393554553
2161,18.758701642613065
2162,19.964608283545346
2163,18.551696512859404
2164,23.045823899244134
2165,18.88226173127632
2166,22.61437985146968
2167,11.138681015192354
2168,18.296141013992884
2169,16.885527817415536
2170,24.385956120452427
2171,16.171613261072025
2172,25.345974142511096
2173,23.4470521929486
2174,14.084323996332616
2175,10.018439683065813
2176,16.752249956743352
2177,16.03138786569334
2178,21.535849604246945
2179,23.11244530108082
2180,14.26811117853876
2181,21.386633276376536
2182,18.0872068779438
2183,25.072270434241887
2184,44.58776835592791
2185,31.778899143145026
2186,36.081790793357456
2187,26.515621985794557
2188,17.053392973065414
2189,17.110104144889107
2190,27.889398275590064
2191,24.88107860976979
2192,21.27648821284404
2193,10.301835655384773
2194,30.19469876632136
2195,15.20835309559426
2196,19.97445124321393
2197,24.226425165567424
2198,28.984078472673065
2199,17.9075121949131
2200,24.052914959917985
2201,33.76223914942618
2202,41.00071951971353
2203,32.354773682739854
2204,39.47657016422005
2205,45.71119520732259
2206,13.617940752576969
2207,34.68610361591619
2208,39.02909404575232
2209,39.75018223521344
2210,26.267661159831427
2211,40.30224470311718
2212,30.402016475660385
2213,41.74793772880237
2214,35.80101518941473
2215,38.8335541897462
2216,44.557706828262965
2217,19.00447626301993
2218,25.72013890340043
2219,14.59117758464103
2220,20.87469114941401
2221,27.54320585566013
2222,31.62514003772634
2223,33.54710414349601
2224,36.72049670412256
2225,26.692386747841173
2226,37.21600783068852
2227,38.16353007411016
2228,38.59491666360548
2229,32.163848526991856
2230,15.484855784822011
2231,16.39995266488216
2232,30.81173731973233
2233,24.391946635517925
2234,18.45004663458986
2235,26.45144714662148
2236,32.31812068224468
2237,30.39914741769237
2238,31.510169936675958
2239,34.02144537326579
2240,31.05350407268513
2241,23.168409261547136
2242,38.68094015384738
2243,40.28641351328782
2244,40.35325745277613
2245,40.49128898143765
2246,42.92008470134616
2247,48.35195213028528
2248,43.81371733896424
2249,30.26411367541464
2250,44.25907673599525
2251,38.097557635468405
2252,36.57851056668883
2253,42.9106165353316
2254,34.089206762398234
2255,31.641053319455008
2256,17.677440661313476
2257,27.24427539392498
2258,34.87235334960893
2259,12.292955755599383
2260,22.87483892757431
2261,18.63030958615469
2262,19.24037364684476
2263,27.92079847155447
2264,17.10336288642256
2265,34.08812999633568
2266,34.86488702894503
2267,5.63351981588972
2268,13.9105118360675
2269,12.93415689465906
2270,20.868148860857435
2271,23.752854511303493
2272,8.566017715520346
2273,18.40974399922126
2274,22.2876711830676
2275,21.4192588153368
2276,12.14748470866475
2277,9.289737987085733
2278,23.635163954179887
2279,31.474468080217804
2280,27.861322204217394
2281,31.45330475483241
2282,24.0836398034832
2283,36.40338519267232
2284,24.275631118489528
2285,32.645518690706595
2286,7.426412860335888
2287,7.8737003464427
2288,23.39612828460496
2289,23.51945282669999
2290,13.778127960720688
2291,30.555725763406212
2292,32.98280003807313
2293,29.215712131575227
2294,38.661252279775184
2295,2.762700501736762
2296,19.8697532373238
2297,21.519592669144064
2298,19.585664245648804
2299,28.270330448386176
2300,28.217316472949705
2301,39.02879900628201
2302,22.137332813685003
2303,38.882250385124834
2304,10.45844299249872
2305,26.38363431419507
2306,11.231432501960953
2307,30.85203702734392
2308,32.41217188568761
2309,31.977516126287004
2310,39.78798149953796
2311,27.95036318589044
2312,34.18846232796787
2313,28.39486839916205
2314,32.810215869022244
2315,17.72868970144417
2316,23.374799600762227
2317,21.121323411331407
2318,15.184493325947075
2319,34.16757496282234
2320,32.64065095659205
2321,35.129120189115184
2322,28.360950089981834
2323,33.85536112539808
2324,7.860544165658176
2325,10.220369991386375
2326,15.83904186821521
2327,25.421416622778352
2328,18.14805128343892
2329,12.644919905159426
2330,22.349724239839
2331,22.11254387414337
2332,25.079750013324794
2333,28.35191218501205
2334,36.52703048357227
2335,29.652627138374825
2336,36.94535138702793
2337,40.73496830464444
2338,36.54448801329125
2339,42.61620765779076
2340,25.0684090522916
2341,36.91856331750012
2342,37.93697299014107
2343,31.900545398128116
2344,34.21245376422988
2345,23.36701092558154
2346,17.736850592753022
2347,23.350104501490907
2348,19.77572656591065
2349,16.089864659415415
2350,15.01433939969611
2351,29.309302132954148
2352,27.739718470030866
2353,25.859866646216645
2354,31.096671788274485
2355,36.2337702513975
2356,43.40861494226667
2357,36.43004246104121
2358,44.379939587434016
2359,36.79763388886073
2360,40.32621742869004
2361,47.810742629049656
2362,31.26662799711553
2363,11.3182620418317
2364,16.857567573137146
2365,24.05715589166431
2366,16.646952388738306
2367,27.156826925938656
2368,18.481118857456064
2369,39.34293954288388
2370,27.457653124522373
2371,15.966228378188283
2372,39.00023885703472
2373,25.52598706696894
2374,15.57960711748167
2375,33.40235142014447
2376,29.793935885781867
2377,32.96950654825337
2378,34.026308807283115
2379,23.056144221870017
2380,26.820051381818857
2381,31.925003948578976
2382,35.30649616042417
2383,9.774807428876713
2384,13.87775856659486
2385,19.48790356959121
2386,25.718962866693403
2387,16.93912798757312
2388,36.942633955156005
2389,20.87431733363823
2390,13.912599281551806
2391,17.098701570078827
2392,14.664979750766728
2393,12.372719752535009
2394,15.27166436943439
2395,19.706274629946044
2396,22.917092935531382
2397,25.8883575799772
2398,31.78679664339033
2399,33.46203931289562
2400,22.09785340814721
2401,16.90492198868863
2402,30.6825136009584
2403,44.74190785062194
2404,26.225308807199248
2405,36.84632775334995
2406,13.738368842200774
2407,16.933930056380618
2408,24.47534856746021
2409,20.120986860006667
2410,28.13087307089961
2411,20.12376656510288
2412,17.400585508703237
2413,27.542600635619205
2414,23.235451288605177
2415,7.420752709175841
2416,18.73540772781827
2417,28.495891148176057
2418,16.850264170429035
2419,24.37170914436851
2420,15.669454201183884
2421,27.02506137419576
2422,16.760006259079887
2423,22.14278188668988
2424,23.735745711619035
2425,15.632538405218398
2426,11.580228562620563
2427,23.6058942714503
2428,23.670977628467703
2429,19.56659959476799
2430,22.545468525892115
2431,22.09543733249148
2432,22.795512061762288
2433,19.047841993136423
2434,34.27652298097854
2435,32.93324595542271
2436,9.147048531295091
2437,19.827750752623157
2438,20.024606109645266
2439,26.064430039926744
2440,21.803394951972777
2441,32.965437329936435
2442,33.23936076932436
2443,42.555334501767
2444,4.6259661069002345
2445,11.554148722946309
2446,13.372232708723685
2447,18.628808437702663
2448,20.48432511714181
2449,19.727841780189344
2450,21.482149469469867
2451,23.52312356059665
2452,27.37701089781766
2453,38.28398523784899
2454,22.01231395011489
2455,21.28861519460317
2456,16.015669149597
2457,35.49022555645952
2458,30.068004116379104
2459,29.057963646909368
2460,35.34262653734242
2461,32.56355118191982
2462,24.745321087431037
2463,31.824451626453676
2464,30.463271382659244
2465,25.183535434977703
2466,17.287856793822247
2467,15.60229582471668
2468,31.719858426630505
2469,27.640587001899824
2470,3.281803296776721
2471,18.409164960201124
2472,16.762567971978793
2473,23.688895034039483
2474,19.271636456302986
2475,16.95003141364065
2476,22.24837795370381
2477,18.30358141137772
2478,35.71146520406441
2479,31.5707159452809
2480,11.475013444239224
2481,14.265805884810767
2482,22.52504293732296
2483,31.42488033760835
2484,19.871765648180755
2485,22.835888568728244
2486,25.543067936317463
2487,25.18681613018463
2488,29.87321764975649
2489,16.900586131151982
2490,33.983604752312445
2491,19.41593935785768
2492,26.254476148096696
2493,25.975229917938403
2494,19.50035088720321
2495,27.76548962840997
2496,26.58740823525204
2497,10.801075168277876
2498,15.704503391782804
2499,23.41677750721927
2500,26.872102526658907
2501,28.579178634772152
2502,29.1217334675897
2503,27.144585497820216
2504,33.56205963044747
2505,31.043824838842013
2506,30.28345269788632
2507,31.018182005856566
2508,31.99930360989388
2509,29.708276565485946
2510,40.393143774698686
2511,37.75352796064945
2512,33.436833820796515
2513,31.34441400860178
2514,40.918299465249696
2515,41.80097427947963
2516,43.28322033194831
2865,40.86717057459914
2866,50.64881766639866
2867,36.38065467822011
2868,14.924643189434995
2869,20.99738080060323
2870,21.844721908627864
2871,43.55285471076356
2872,34.47641470782221
2873,40.244032382026425
2874,28.176438233665092
2875,34.781783484286485
2876,37.30383478387888
2877,47.69743099936761
2878,54.46567445094482
2517,26.76576735702961
2518,33.01675613918772
2519,38.66786034825577
2520,39.013035292276015
2521,49.67401603202635
2522,32.017226704611005
2523,41.96252371935459
2524,44.72310205673541
2525,22.308154993227504
2526,33.97129913388825
2527,21.110108692992288
2528,21.800771233113792
2529,27.18806966389441
2530,25.32546661788512
2531,25.229349162056774
2532,30.187845879269997
2533,29.811009355299976
2879,12.396861747322925
2880,21.58005224345601
2881,31.01001029089421
2882,16.838562134699387
2883,15.909804350262911
2884,31.041626541194624
2534,26.9849752720952
2885,26.95702182724289
2535,22.73133203747826
2536,17.598291295121133
2537,29.021029238672256
2538,28.696258882276577
2539,26.186576054372715
2540,33.165903853226986
2541,28.828535984306235
2542,12.876522478627487
2543,7.892507863830996
2544,25.777958618826435
2545,17.630630358305172
2546,18.592243810018665
2547,25.997691700669304
2548,25.53468559982764
2549,33.74784721509354
2550,26.92970438588032
2551,32.321299545981326
2886,19.821693076204703
2887,38.341515958531936
2888,42.67827117058021
2889,48.38514728312465
2890,41.30519922513662
2891,44.17495999591908
2892,39.916145933559854
2552,14.461585054075655
2553,21.013322267232585
2554,23.57741686995294
2555,26.69246777493955
2893,29.09475564818453
2894,27.62982699148714
2556,15.971706658603722
2895,32.823092728922404
2896,39.868452647415616
2557,21.19710673871293
2897,23.943026746871343
2898,31.360661245578385
2899,5.111839492262141
2900,20.94203979420137
2901,8.367846460518855
2902,19.18431281830889
2903,11.00626188137904
2904,28.92992927898674
2558,13.595905077083271
2559,14.709215784403291
2560,15.640899532029774
2561,26.847146678765032
2562,32.85734474514802
2563,28.780285928148675
2564,24.78029172450656
2565,40.06954541506264
2566,27.15066366002278
2905,15.491238178577818
2906,20.829529700952623
2907,26.824575374301727
2908,20.345208887009044
2909,27.00939778715825
2910,19.412594411835567
2911,28.54611314421144
2912,32.54197977654479
2913,28.373617733601154
2914,42.33837220812761
2915,24.667416514717367
2567,15.418674476215957
2568,14.345947843129045
2569,19.93081911143217
2570,33.24932768562139
2571,27.09647604091777
2572,33.43581245777822
2573,24.15448665156165
2574,27.602867320054727
2575,40.29102221567346
2576,43.89801283233314
2916,9.52191263245377
2917,21.34314288920393
2577,18.732915338892685
2578,28.91438886877585
2918,13.656391339951904
2579,27.679392096699505
2919,6.43975528905086
2920,20.10006798352384
2580,16.811202486874883
2581,28.875856911919783
2582,26.73218601152282
2921,10.430543356294477
2922,21.751526783103778
2583,34.254824104555986
2584,27.57301030115427
2585,39.99971210455556
2586,9.446236360077464
2587,30.572589144492756
2588,25.275775658561543
2589,19.856216363711997
2590,23.29540834224463
2591,27.555842878130857
2923,19.137536645991183
2924,24.458312884519373
2925,25.52675467489328
2926,10.38593565064852
2927,27.622738726370542
2928,41.80864804261001
2929,33.61191597258182
2930,25.744591985695187
2931,37.3705967607732
2932,10.739198330787373
2933,17.913563541467262
2934,16.404625985088003
2935,22.45770485346957
2936,29.67998870532368
2937,26.213433176174902
2938,30.46922302847872
2939,26.29460998326327
2940,36.68058637225815
2941,33.12111441135251
2592,37.5007378832098
2593,28.03865356516892
2594,39.42388419513082
2595,33.0602160387504
2942,6.901390419576838
2943,18.49230753290301
2944,22.38058674940425
2945,15.363946058892294
2946,27.59609810601072
2947,32.089743783961595
2948,21.780918895495667
2949,31.88128733935104
2950,31.90638149098608
2951,27.37282357745335
2952,28.603597462766587
2953,37.4526782622021
2954,38.159811588807855
2955,39.75823624569359
2596,9.438278603665529
2597,15.501343979509958
2598,21.989594354486623
2599,34.88365447689166
2600,28.513356403450416
2956,17.56684299874185
2957,19.2708865843904
2601,22.918419050510725
2958,11.317913368664945
2959,21.392736157360027
2960,26.202348815505896
2961,24.189374536410764
2962,21.40761398185944
2963,17.886975951198014
2602,12.269581701804334
2603,21.712563776818897
2604,26.95325629736405
2605,18.761807283252764
2606,34.3538252384048
2607,25.279341724326265
2964,10.3609346301559
2965,20.190362333076763
2966,20.73918455316748
2967,23.106353484359865
2968,23.876060099694215
2969,9.315649079960044
2970,21.39867035994054
2971,20.934491727223683
2972,27.9910012073378
2973,22.205752603600036
2974,6.388482636573646
2975,24.997620685656464
2976,17.462902006228074
2977,22.82236655019122
2978,16.728396214811003
2979,13.93070992266831
2980,25.73281999479179
2981,20.602927470501022
2608,7.336367847604927
2609,24.60987673670233
2610,36.16373460268439
2611,39.25000155048435
2612,35.66257766588642
2613,41.39159142085608
2614,48.00415547308095
2615,40.74308330476288
2616,45.310864281451096
2617,50.46920062185266
2618,46.780276772202974
2619,44.86020594364684
2982,13.47411048242821
2983,21.909206343023023
2984,19.55247612691223
2985,16.235491217118074
2986,20.44821177282876
2987,17.562351546012792
2988,24.33148177656394
2989,27.91516495669426
2990,33.35823667442534
2991,30.41788723591703
2992,22.384934701703312
2993,42.62074492300931
2994,36.81717609543784
2995,42.14599454965607
2620,7.9197942011858045
2621,13.66206294382227
2622,23.83377466821761
2623,12.783787831026936
2624,30.105049637914146
2625,19.131541719212887
2626,26.756666251915757
2627,36.22581858502833
2628,34.00441475482723
2996,2.277427021325467
2997,18.71281318000839
2998,20.75509220177468
2999,27.582363190144207
3000,18.928605757628542
3001,20.69400117418131
3002,26.76243584611045
3003,11.851570475722792
3004,18.09166833281092
3005,26.30588264590861
3006,23.137562163246024
3007,33.84945376072145
3008,33.17341115192511
3009,29.45067461460611
3010,33.326955569315054
3011,38.33500677668195
3012,34.14265429109425
2629,25.659113007991124
2630,38.99279497314564
2631,18.151670493866767
2632,7.932447598645615
2633,35.63812519845092
2634,30.15203963046241
2635,29.776600678794715
3013,41.27609588955765
3014,39.970463581598864
3015,34.49756976225389
3016,41.72204076691251
3017,36.93136693105947
3018,42.29167103647817
2636,7.427323004308988
2637,19.86493958579157
2638,16.490821861772865
2639,25.08504125202335
2640,28.037456167064256
3019,14.855840858880317
3020,11.829741452706546
3021,32.000711410126684
3022,25.760533183867302
3023,39.29030801397871
3024,36.15700504901194
3025,26.60669573850921
3026,25.6685492747388
3027,40.787277730841495
2641,10.454794786373316
2642,26.076855291515862
2643,21.547805192613648
2644,18.93116601701048
2645,18.909448782789138
2646,35.84615452399746
2647,28.580353923490986
2648,29.6484239558769
2649,41.41551380481097
2650,45.24024299026939
2651,34.95966966534462
2652,43.70207287999993
2653,44.99490837242488
3028,9.558229667778685
2654,12.667871996283688
2655,20.433911896532734
2656,31.334188490614714
2657,17.812585342447658
2658,16.393183958638915
3029,9.888447245489951
3030,30.141571182831303
3031,24.93187066764641
3032,36.352224029471046
3033,28.959865395958797
3034,35.361372976418906
2659,20.732125438932613
2660,38.84525982260232
2661,24.534134425347965
2662,13.381989013474591
2663,30.573873674406357
2664,25.23278588190974
2665,31.78411652745772
2666,23.341978992574603
2667,25.12731749036225
2668,27.019693499515995
2669,33.05866646077494
2670,38.7458817722614
2671,50.6506744065567
2672,39.86631918984151
3035,27.801819227553267
3036,14.927686368474433
3037,20.24543128414217
3038,22.81131513933245
3039,35.324661692383614
3040,36.89101335708157
3041,39.28975859686235
3042,27.068936121204423
2673,15.088433698666332
2674,19.98796089830936
3043,10.708183769465633
3044,23.014225016584238
3045,16.855654865582103
3046,34.06780577068135
2675,15.151029572309051
2676,25.783094862138725
3047,18.55247188979656
3048,20.035948205309136
2677,16.513089795542694
3049,24.537954586611985
3050,22.68692435817586
3051,28.03550894921293
2678,19.25386840606005
3052,25.46166292269681
2679,14.094514052882593
2680,24.526221562206608
2681,17.17917366108631
2682,26.885586814152777
2683,33.5096103921653
2684,43.3147230075036
3053,10.85899253990517
3054,17.004086125380624
3055,14.407326576861951
3056,29.156216154223436
3057,22.24289358353249
3058,28.75437506025878
3059,31.92634665029165
3060,34.838802864612674
3061,40.94460117063392
3062,33.995467125569185
3063,36.38656846522903
3064,36.58456233353134
3065,26.679127162001624
3066,42.31056387705546
3067,21.347812262778287
3068,23.53023620083657
3069,28.516948188085284
2685,10.196774065595816
2686,22.808308272534862
3070,14.1867769514539
2687,16.09404260729956
2688,23.58062104322764
2689,21.171042119517267
2690,27.253922849536437
3071,20.41057828754632
3072,28.19760951738438
2691,24.068847370194565
2692,33.577999194118966
2693,31.49791614091071
3073,14.118900950302228
3074,13.278524787677634
3075,28.90549973137163
3076,14.186793436869376
3077,17.80471601281574
3078,27.15266173065052
3079,19.620921720361107
1558,38.263061676405805
1559,38.91813563593703
1560,45.31926649160142
1561,46.24407158993867
1562,11.45931243227813
1563,18.772213491621297
3080,19.167050286971143
3081,21.5408520888259
3082,21.04947036583828
3083,42.00550579604696
1564,17.348796601020677
1565,37.10628245825692
1566,33.83358344619189
3084,14.912750306193011
1567,41.41560128272373
3085,20.41515157493683
1568,46.55872297672907
3086,27.21299255503616
3087,41.23584763463271
3088,29.673839472647774
1569,30.329085295890422
1570,29.146022085170205
1571,27.084600783017397
1572,19.566945782005615
1573,32.255323015432005
1574,21.964229126696463
1575,32.23964164439339
1576,30.50440855880137
3089,20.58083033321208
3090,17.571217132158914
3091,18.710983230262396
3092,26.10166266463449
3093,31.684987651878696
3094,31.072202870993024
3095,29.315171242820632
3096,31.206424342964723
1577,10.86358258288542
1578,24.061099372666103
1579,17.193798353333335
1580,22.71334019510951
1581,24.52347147689184
1582,14.459692306423856
1583,31.19763544182697
1584,38.47500696921877
1585,31.515305556327583
1586,24.116061486947487
1587,33.7989910835501
1588,42.97382037590371
1589,56.86823063612103
2694,22.88984923393296
2695,36.593975361379584
2696,29.77758774285992
2697,31.309436197425335
2698,25.88500798525308
2699,40.748397146372646
2700,45.93913697474005
2701,44.39687849687019
2702,41.808539109625485
2703,16.94720261465725
2704,20.153142497339303
2705,30.323673814838813
2706,26.49119866265129
2707,27.26961312760456
2708,42.96853831329539
2709,27.29696477782468
2710,25.80054778931332
2711,28.256713632565837
2712,32.93536263331533
1590,19.99285511494417
1591,26.783804261520487
1592,18.68692010855696
1593,18.230474762869854
1594,33.47495408392043
1595,36.95100962662429
1596,36.96917132219176
1597,31.42185705017763
1598,57.069550484733305
1599,40.53990307655363
2713,18.83647616332501
2714,16.22478159291185
2715,17.05748550540931
2716,8.765079634043925
2717,25.217877871573997
2718,28.22976331320924
2719,24.299325325722076
1600,13.64598846899642
1601,16.58401111892088
1602,10.594028277573852
1603,18.893518384721173
1604,25.36450802075089
1605,24.91045130756007
1606,32.57974619447244
2720,9.8566355109682
2721,16.15391514023984
2722,33.38476434572657
2723,32.55657907024864
2724,27.36658928752414
2725,30.024422557666515
2726,45.43892718715875
2727,35.15811017425731
2728,9.512459391236836
2729,19.43348431355655
2730,19.51219795410391
2731,20.3223662693068
2732,20.36548225868817
2733,24.64284777912265
2734,30.707703406593232
2735,27.181456595612836
2736,34.340602611443785
2737,35.11105118327842
2738,45.62913401884976
2739,34.61375602476553
2740,35.11879373128932
2741,45.74214523987499
2742,52.98249378944902
2743,39.11429826673682
1607,9.751799974722289
1608,28.202161476400008
1609,46.64193449870442
1610,43.9544772472382
1611,48.006752265447005
2744,19.512777518296406
2745,19.27104839783238
2746,14.742310057404744
2747,19.607607855223318
1612,54.33695469097299
2748,21.052252913046942
2749,19.951028969061028
2750,24.46609563641424
2751,25.473756984556644
2752,22.652441485721223
2753,24.70057407178972
2754,17.738663322756786
2755,22.236483757299894
2756,34.763422103000515
2757,24.574952992808672
1613,24.56842626807883
1614,26.3303557768803
1615,34.478296278432104
1616,40.67387756120805
1617,37.27420642970508
1618,29.92657797109773
1619,37.37332157106939
1620,33.93196086639238
1621,39.85063875920064
1622,29.402779661835204
2758,15.603844427480084
2759,23.749675348236877
2760,22.340451256715635
2761,19.523955752493475
2762,21.89331283547604
1623,12.438656981587696
1624,22.56419026186677
1625,10.394135917284508
1626,17.805135639569915
1627,23.1067827131166
1628,25.659654290111916
1629,14.890271775313328
1630,25.472920834171983
1631,34.37472090910088
1632,33.28548522997451
1633,18.39065926847489
1634,24.349287829600147
1635,25.070800837761656
1636,28.46761342410584
1637,14.647303587942286
1638,25.23700393207004
1639,23.330811543601108
2763,29.32054842892804
2764,37.48773202132077
2765,42.94767271240703
2766,37.59800045702219
2767,52.81137691324662
2768,41.2029035230614
2769,38.18160362834983
1640,16.575256034712652
1641,32.426419869935785
1642,17.11094948813637
1643,8.615933806685678
1644,19.63455730637237
2770,42.41553012985188
2771,50.15321777592425
2772,61.432631732937104
1645,24.886620044743523
1646,35.58719029895812
1647,26.34131834772341
1648,33.42762649428275
1649,35.27914447034727
1650,31.215246630397264
2773,16.581943088902523
2774,20.23461156690089
2775,26.067630450574143
2776,7.446459553112153
2777,26.89198593766693
2778,27.826619453134672
2779,26.46514924972457
2780,30.386741293870287
2781,26.40454341726667
2782,43.18172048958801
2783,32.82335485298274
2784,30.494438733822108
2785,4.478076704548153
2786,21.25160912300148
2787,21.09215393783736
1651,14.860740466602012
2788,21.92559685065222
1652,15.719973213232262
2789,22.07113729395581
2790,31.3686548732104
2791,26.707446447377023
1653,15.976561601787004
1654,13.22100804895501
1655,19.324712398799257
1656,15.472814161454892
1657,27.71478117864057
1658,24.722801359489477
1659,23.497887544073127
1660,20.34919292317724
1661,23.043638767491665
1662,40.38351045005245
1663,50.3217887017535
1664,37.23132759481971
1665,40.7833462369038
1666,14.380404172226054
1667,15.698247150559569
1668,20.72604594247413
1669,24.859985592068437
1670,21.08487879050586
1671,28.32803188575549
1672,34.32217783831018
1673,40.20375434932127
1674,24.471601741558658
1675,18.11596718437064
1676,29.03152414774367
1677,15.376106607831716
1678,14.6999970528116
1679,28.29227938000325
1680,27.869195290740866
1681,19.51265159883472
1682,18.722714718584182
1683,18.71766029474705
1684,11.27191046599662
1685,26.38168567078292
1686,21.069590965664545
1687,29.566150111266023
1688,15.22467635067937
1689,14.885511629368022
1690,24.908616768859677
1691,17.120314355410663
1692,28.21488729175254
1693,21.89188622822255
2792,34.01785527993279
1694,19.361314487033468
1695,28.81614703528604
1696,33.587247573716446
2793,34.228098700218226
2794,39.677762689170144
2795,42.24883382347277
2796,40.34603829160006
2797,35.596934618998645
2798,30.580928670374227
2799,58.268186634431466
2800,51.038174150350514
2801,13.003342731390504
2802,15.8460677594494
2803,21.95898533730961
2804,21.89811809150017
2805,9.673837863825849
2806,21.582531563616858
2807,27.131875987174524
2808,38.71134360412645
2809,21.843090031165445
2810,27.19393226053997
2811,39.621102570349294
2812,37.68798204888603
2813,37.870119857489954
2814,37.9116168536138
2815,45.82827858818888
2816,43.35656899583987
2817,17.769038396235
2818,27.57977554295213
2819,14.245228155556775
2820,19.47342372856224
2821,22.14796703724661
2822,24.213324025061883
2823,16.154240035845458
2824,9.399240946604992
2825,22.93144080653316
2826,5.449077072615096
2827,23.95946381627924
2828,28.743115209867085
2829,28.20305896585537
2830,14.77288063984152
2831,23.204683839393056
2832,22.01108003214116
1697,31.21344269424647
1698,39.00719789843686
1699,28.115300664811297
1700,37.95430335422689
1701,38.7542034756428
1702,39.95389866350119
1703,42.83753638133754
1704,46.33553863549786
1705,33.512778567806905
1706,41.63494935237288
1707,45.75378656789139
2833,15.586875796610864
2834,15.974861488097773
2835,21.95774397987382
2836,19.724228960734894
2837,17.7478254976957
2838,21.71070696946075
2839,22.209859624133585
2840,23.433084039842505
2841,39.63053791532973
2842,39.61569038927251
2843,30.848183477647133
2844,52.73269472013151
2845,50.2423742932604
1708,12.986579086013048
2846,8.561217023031855
1709,17.28667526292865
1710,20.82398148166324
1711,19.295065769681525
1712,37.369434333090325
2847,17.890545930998805
2848,20.535001166368577
1713,25.504169371762057
1714,36.15752433936704
2849,19.6926692418511
1715,34.92202021948791
1716,29.250866628490503
2850,15.564662841922235
1717,17.135485105378265
1718,16.048269955377094
1719,27.993437159916944
1720,21.496924136649568
2851,13.418455175863206
2852,16.092794921396813
2853,23.57367931459863
2854,23.97106107267533
2855,28.584161230416456
1721,28.35000881663408
1722,37.83746391296791
2856,24.283032242112995
2857,23.15665361903732
2858,22.12812879939296
2859,22.786332942257857
1723,36.60298424860169
1724,38.72717418330973
1725,32.011311211273735
1726,37.16307619420679
2860,21.13918834251689
2861,29.78432271643687
2862,22.147130773443138
2863,24.295735178507524
2864,45.02964196263453
1727,29.78924999751988
1728,9.863373044990189
1729,31.09259205118105
1730,19.23881556031193
1731,26.87108423849473
1732,10.210244619874182
1733,20.789559834786804
1734,24.04118139791608
1735,34.466533492229445
1736,11.878850090084498
1737,24.807254437021665
1738,27.49925871540209
1739,21.897754507747862
1740,31.51758293490121
1741,25.51766610002689
1742,25.739767719513168
1743,29.17561245227473
1744,3.323273534174028
1745,13.157510125959092
1746,17.18709386835953
1747,15.165708402350164
1748,32.85304458690922
1749,17.274711804439214
1750,23.85173350683081
1751,30.241471139530173
1752,20.885001872241727
1753,24.851530110726035
1754,18.555095103433352
1755,19.857275025916955
1756,17.658766380734694
1757,21.611532675446306
1758,22.045112262781792
1759,33.0393105472479
1760,18.692340905920386
1761,24.11197491320068
1762,14.885330373287193
1763,16.674067209593208
1764,24.20514041711827
1765,21.4440643244074
1766,28.30953328883861
1767,29.65598002860467
1768,17.431596327791027
1769,26.34371545501129
1770,33.02316265079177
1771,35.627076688273
1772,40.384630865601046
1773,38.09734635083931
1774,41.58032008906676
1775,37.622138589041455
1776,47.93844736412553
1777,38.09569735721406
1778,50.47924491079547
1779,47.14681758454775
1780,14.07905530082699
1781,14.6562661667723
1782,29.679096137790896
1783,26.31661078466244
1784,22.52727214832941
1785,15.4869406517881
1786,17.153350289050962
1787,27.70968568765065
1788,20.417507882359487
1789,21.594379028324145
1790,10.876178151847393
1791,14.9177744913508
1792,18.80670688358208
1793,22.725475273915027
1794,2.6996526922308077
1795,16.104646961832664
1796,22.29615534604245
1797,13.633327389534909
